GeneSymbol	Entrez.Gene.ID	Chr	Meta.Beta	Meta.Std.Error	Metea.Z.Value	Meta.P.Value	Meta.FDR	Discovered in IllumiNo cohorts & Validated in FHS cohorts
LRRN3	54674	7	0,64004718	0,017847241	35,86252828	1,17E-281	2,94E-277	Yes
SASH1	23328	6	0,182032884	0,00863318	21,08526353	1,09E-98	1,36E-94	Yes
CLDND1	56650	3	0,182755292	0,010590656	17,25627695	1,00E-66	8,40E-63	Yes
PID1	55022	2	0,252260399	0,016382108	15,39853111	1,67E-53	1,05E-49	Yes
CLEC10A	10462	17	0,090349676	0,006017947	15,01337141	6,00E-51	3,01E-47	Yes
MAL	4118	2	0,173473599	0,01410638	12,29752802	9,34E-35	3,91E-31	Yes
PYHIN1	149628	1	-0,104947204	0,008587891	-12,22036999	2,42E-34	8,68E-31	Yes
CX3CR1	1524	3	-0,164753781	0,013823456	-11,91842223	9,49E-33	2,98E-29	Yes
GPR15	2838	3	0,090656969	0,007935213	11,42464252	3,15E-30	7,91E-27	Yes
TTC38	55020	22	-0,158443528	0,013858267	-11,43314185	2,86E-30	7,91E-27	Yes
PTGDR	5729	14	-0,107923709	0,00958766	-11,25652223	2,15E-29	4,91E-26	Yes
LEF1	51176	4	0,146344287	0,014173304	10,32534748	5,41E-25	1,13E-21	Yes
CDKN1C	1028	11	-0,204766823	0,020101684	-10,18655077	2,28E-24	4,40E-21	Yes
S1PR5	53637	19	-0,244964259	0,024234565	-10,10805254	5,09E-24	9,12E-21	Yes
MTSS1	9788	8	-0,102500648	0,010203553	-10,04558405	9,61E-24	1,61E-20	Yes
MS4A7	58475	11	-0,135586918	0,013614292	-9,959160725	2,30E-23	3,61E-20	No
SAMD3	154075	6	-0,067013127	0,006895549	-9,718316664	2,52E-22	3,72E-19	Yes
LTB	4050	6	0,102090443	0,010832037	9,424861221	4,31E-21	6,01E-18	Yes
PASK	23178	2	0,130910635	0,013950073	9,384226062	6,34E-21	8,37E-18	Yes
FPR3	2359	19	0,092753326	0,009914048	9,355746673	8,30E-21	1,04E-17	Yes
FUCA1	2517	1	0,131014511	0,014335572	9,139120085	6,30E-20	7,53E-17	Yes
RHOC	389	1	-0,109707955	0,012132735	-9,042310445	1,53E-19	1,75E-16	Yes
KLRF1	51348	12	-0,141361678	0,015682859	-9,013769394	1,99E-19	2,17E-16	Yes
OSBPL5	114879	11	-0,10967373	0,012174808	-9,008251179	2,09E-19	2,19E-16	Yes
FBXL16	146330	16	0,120227227	0,013483811	8,916413047	4,82E-19	4,84E-16	No
ABCB1	5243	7	-0,078515845	0,00883582	-8,886084504	6,33E-19	6,11E-16	Yes
NBL1	4681	1	0,079517085	0,009008355	8,827037512	1,07E-18	9,99E-16	No
NKG7	4818	19	-0,220924437	0,025602298	-8,62908636	6,18E-18	5,54E-15	Yes
SH2D1B	117157	1	-0,195861396	0,022998351	-8,516323526	1,65E-17	1,43E-14	Yes
ITM2C	81618	2	0,119696228	0,0143119	8,363405731	6,09E-17	5,10E-14	Yes
FGFBP2	83888	4	-0,262185142	0,031737648	-8,261013639	1,44E-16	1,17E-13	Yes
TTC39C	125488	18	0,076029699	0,009381405	8,104297423	5,31E-16	4,16E-13	Yes
GFOD1	54438	6	-0,122180109	0,015117779	-8,081882213	6,38E-16	4,85E-13	No
PDGFD	80310	11	-0,05945793	0,007399914	-8,034948667	9,36E-16	6,71E-13	Yes
MYC	4609	8	0,099543194	0,012386361	8,036516731	9,24E-16	6,71E-13	Yes
CYP4F22	126410	19	-0,118535425	0,014847655	-7,983444027	1,42E-15	9,92E-13	Yes
ALAS2	212	X	-0,133623277	0,016820576	-7,944036753	1,96E-15	1,33E-12	Yes
PRF1	5551	10	-0,221266381	0,027892556	-7,932811198	2,14E-15	1,42E-12	Yes
ADRB2	154	5	-0,128614736	0,016266411	-7,906767931	2,64E-15	1,70E-12	Yes
RGL1	23179	1	0,108987629	0,01387857	7,852943965	4,06E-15	2,54E-12	Yes
STAB1	23166	3	0,097735839	0,012449975	7,850284114	4,15E-15	2,54E-12	Yes
TMEM238	388564	19	0,122716361	0,015649464	7,841569477	4,45E-15	2,66E-12	No
TGFBR3	7049	1	-0,16677741	0,021395753	-7,794883726	6,45E-15	3,76E-12	Yes
IL2RB	3560	22	-0,160232999	0,020728656	-7,730023441	1,08E-14	6,13E-12	Yes
LYPD2	137797	8	-0,146767675	0,019073849	-7,694706565	1,42E-14	7,91E-12	Yes
ICOS	29851	2	0,108374963	0,014162634	7,652175671	1,98E-14	1,08E-11	Yes
TNFRSF13B	23495	17	0,152546354	0,020020381	7,619552881	2,55E-14	1,36E-11	Yes
RNF165	494470	18	-0,131974629	0,017445976	-7,564760499	3,89E-14	2,03E-11	Yes
CCL5	6352	17	-0,115341213	0,015350229	-7,5139734	5,74E-14	2,94E-11	Yes
KLRB1	3820	12	-0,18417401	0,024550637	-7,501801722	6,29E-14	3,16E-11	Yes
UBB	7314	17	-0,087001001	0,011642019	-7,473016319	7,84E-14	3,81E-11	Yes
TPST2	8459	22	-0,07425626	0,009937921	-7,472011723	7,90E-14	3,81E-11	Yes
FAM102A	399665	9	0,046824851	0,006316193	7,413460616	1,23E-13	5,83E-11	Yes
IGSF9B	22997	11	0,054829636	0,007433761	7,37575988	1,63E-13	7,60E-11	No
GUCY1A3	2982	4	-0,056147974	0,007715042	-7,277727761	3,39E-13	1,55E-10	Yes
ADORA3	140	1	0,057562804	0,007947337	7,243030499	4,39E-13	1,97E-10	Yes
DUSP5	1847	10	-0,107168444	0,015189352	-7,055497881	1,72E-12	7,46E-10	Yes
LPAR6	10161	13	0,110886749	0,0157222	7,052877455	1,75E-12	7,46E-10	No
TRIM46	80128	1	0,062823936	0,008904904	7,054982108	1,73E-12	7,46E-10	No
EPB41L3	23136	18	0,121128283	0,017181287	7,050012298	1,79E-12	7,48E-10	Yes
EOMES	8320	3	-0,16186651	0,022982682	-7,042977439	1,88E-12	7,74E-10	Yes
GNLY	10578	2	-0,093912696	0,013376135	-7,020914007	2,20E-12	8,92E-10	Yes
NDUFA12	55967	12	0,115170431	0,01641761	7,015054672	2,30E-12	9,16E-10	Yes
APOBEC3G	60489	22	-0,076224203	0,010892598	-6,997798378	2,60E-12	1,02E-09	Yes
SIRPG	55423	20	0,052729323	0,00754876	6,985163719	2,85E-12	1,10E-09	Yes
IL7R	3575	5	0,094227782	0,013522907	6,968012207	3,21E-12	1,22E-09	Yes
CD160	11126	1	-0,142117193	0,020470953	-6,942382673	3,86E-12	1,43E-09	Yes
RPS4X	6191	X	0,068878726	0,009923092	6,941256565	3,89E-12	1,43E-09	No
LTA	4049	6	0,105730811	0,01524133	6,937111941	4,00E-12	1,46E-09	No
PALLD	23022	4	-0,093233459	0,013483921	-6,914417513	4,70E-12	1,68E-09	Yes
CD6	923	11	0,11287307	0,01636207	6,898459012	5,26E-12	1,86E-09	Yes
HMOX1	3162	22	-0,102780693	0,014968471	-6,866478891	6,58E-12	2,29E-09	Yes
CRIP2	1397	14	0,148476704	0,021705384	6,840547104	7,89E-12	2,71E-09	No
ASCL2	430	11	-0,122768295	0,017992336	-6,823366156	8,89E-12	3,02E-09	Yes
PRR5L	79899	11	-0,113071314	0,016610407	-6,807257147	9,95E-12	3,33E-09	No
MYOF	26509	10	-0,064073543	0,009460287	-6,772896535	1,26E-11	4,17E-09	No
RPL18A	6142	19	0,040723199	0,006021009	6,763516865	1,35E-11	4,39E-09	No
CD28	940	2	0,058220813	0,008643047	6,736144516	1,63E-11	5,23E-09	Yes
GAPDH	2597	12	0,054045993	0,008058682	6,706555024	1,99E-11	6,33E-09	No
TSHZ2	128553	20	0,105871193	0,015850736	6,679260458	2,40E-11	7,54E-09	Yes
CA2	760	8	-0,125139946	0,018799434	-6,656580508	2,80E-11	8,69E-09	Yes
CD5	921	11	0,095715728	0,014400922	6,646500064	3,00E-11	9,19E-09	Yes
PTGDS	5730	9	-0,177610021	0,026740823	-6,641905515	3,10E-11	9,36E-09	Yes
SNRPF	6636	12	0,064283155	0,009698993	6,627817254	3,41E-11	1,02E-08	No
ID3	3399	1	0,10741661	0,016388421	6,554421008	5,59E-11	1,65E-08	Yes
TCEA3	6920	1	0,116418485	0,017814381	6,535084624	6,36E-11	1,86E-08	Yes
KDSR	2531	18	0,066412847	0,010173059	6,528306477	6,65E-11	1,92E-08	No
ID2	3398	2	-0,083966796	0,012877051	-6,520654208	7,00E-11	1,97E-08	Yes
RPS14	6208	5	0,068899293	0,010563341	6,522490535	6,91E-11	1,97E-08	No
FCRL3	115352	1	-0,0473329	0,007310879	-6,47431012	9,52E-11	2,66E-08	Yes
SPON2	10417	4	-0,081809434	0,012647868	-6,468239173	9,92E-11	2,74E-08	Yes
	648868		-0,077330866	0,012029029	-6,428687208	1,29E-10	3,51E-08	No
KLRD1	3824	12	-0,03928318	0,006165981	-6,370954083	1,88E-10	5,07E-08	Yes
AXIN2	8313	17	0,111681453	0,017547161	6,364645088	1,96E-10	5,23E-08	Yes
PRKCA	5578	17	0,093690335	0,014788956	6,335155447	2,37E-10	6,26E-08	Yes
YPEL1	29799	22	-0,071212652	0,011246851	-6,331785826	2,42E-10	6,34E-08	Yes
KLRC1	3821	12	-0,045045465	0,0071818	-6,272169639	3,56E-10	9,21E-08	Yes
TBC1D8	11138	2	-0,064791213	0,01034656	-6,262102109	3,80E-10	9,73E-08	Yes
MFGE8	4240	15	0,108975328	0,017455009	6,243212273	4,29E-10	1,09E-07	No
RNF144A	9781	2	0,082996926	0,013364985	6,21002757	5,30E-10	1,33E-07	No
CTSW	1521	11	-0,144329479	0,023378438	-6,173615186	6,67E-10	1,66E-07	Yes
RPL36P5	127295	1	0,09932667	0,016221104	6,123298934	9,17E-10	2,26E-07	No
IL32	9235	16	0,081854889	0,013406584	6,105573957	1,02E-09	2,50E-07	Yes
CYBRD1	79901	2	-0,07970558	0,01306215	-6,102026131	1,05E-09	2,53E-07	Yes
RBPMS2	348093	15	-0,166878549	0,027406772	-6,088953053	1,14E-09	2,72E-07	Yes
MAFB	9935	20	-0,104123515	0,017152842	-6,070336159	1,28E-09	3,02E-07	Yes
GPR183	1880	13	0,073174513	0,01211279	6,041094704	1,53E-09	3,59E-07	No
HAVCR2	84868	5	-0,09150596	0,015245606	-6,002120375	1,95E-09	4,53E-07	Yes
PTPN4	5775	2	-0,092090984	0,015349609	-5,999565408	1,98E-09	4,56E-07	No
MATK	4145	19	-0,041816652	0,006974256	-5,995858871	2,02E-09	4,62E-07	No
TNFRSF25	8718	1	0,057118611	0,009555569	5,977520918	2,27E-09	5,12E-07	No
TJP3	27134	19	0,067029879	0,011223784	5,972128226	2,34E-09	5,25E-07	No
NINJ2	4815	12	-0,135605382	0,022715828	-5,969642868	2,38E-09	5,28E-07	Yes
ALDH1A1	216	9	-0,08182239	0,013756368	-5,9479648	2,71E-09	5,93E-07	Yes
PLAC8	51316	4	-0,06161294	0,010358123	-5,948272802	2,71E-09	5,93E-07	Yes
GZMA	3001	5	-0,144893037	0,024493978	-5,915455551	3,31E-09	7,16E-07	Yes
STOM	2040	9	-0,074427839	0,012601941	-5,906061417	3,50E-09	7,52E-07	Yes
CYP1B1	1545	2	0,136348949	0,023095776	5,903631426	3,56E-09	7,56E-07	Yes
CCR7	1236	17	0,139173581	0,023687124	5,875495047	4,22E-09	8,87E-07	Yes
LMNA	4000	1	0,053600244	0,009124031	5,874623217	4,24E-09	8,87E-07	No
RPL10A	4736	6	0,064447225	0,010989357	5,864513021	4,50E-09	9,34E-07	No
ADAM23	8745	2	0,047054985	0,008085938	5,81936021	5,91E-09	1,20E-06	Yes
GZMH	2999	14	-0,220296066	0,037844881	-5,821026798	5,85E-09	1,20E-06	Yes
	648210		0,061954778	0,010648509	5,818164344	5,95E-09	1,20E-06	No
AKR1C3	8644	10	-0,140298581	0,024365026	-5,758195419	8,50E-09	1,69E-06	Yes
LPAR5	57121	12	-0,078964491	0,013710543	-5,759399294	8,44E-09	1,69E-06	Yes
ALDH2	217	12	0,084539854	0,014737701	5,736298535	9,68E-09	1,91E-06	Yes
ADSL	158	22	0,067774696	0,011818631	5,734564172	9,78E-09	1,92E-06	Yes
SERPINB2	5055	18	0,037655689	0,006578041	5,724453382	1,04E-08	2,02E-06	Yes
PIK3IP1	113791	22	0,107779296	0,018880028	5,708640838	1,14E-08	2,20E-06	Yes
SLC44A1	23446	9	0,049567675	0,008698002	5,698742871	1,21E-08	2,30E-06	Yes
	652493		0,211265361	0,037074001	5,698477442	1,21E-08	2,30E-06	No
PHB2	11331	12	0,082740568	0,014530256	5,694364051	1,24E-08	2,34E-06	Yes
RPS29	6235	14	0,03958121	0,00699538	5,658193164	1,53E-08	2,84E-06	No
	649447		0,077318829	0,013663596	5,658746705	1,52E-08	2,84E-06	No
SLAMF6	114836	1	-0,057949297	0,010271366	-5,641829686	1,68E-08	3,11E-06	No
GZMM	3004	19	-0,108888075	0,019338589	-5,630611191	1,80E-08	3,27E-06	Yes
EPB41L4A-AS1	114915	5	0,074804015	0,013284161	5,631068218	1,79E-08	3,27E-06	No
CCNB1IP1	57820	14	0,022455691	0,003990496	5,627293777	1,83E-08	3,31E-06	No
CTSL	1514	9	-0,041746464	0,007423871	-5,623274544	1,87E-08	3,36E-06	No
	647450		0,199721957	0,035628959	5,605607374	2,08E-08	3,69E-06	No
TARP	445347	7	-0,122355812	0,021892433	-5,5889544	2,28E-08	4,04E-06	Yes
CD247	919	1	-0,063264612	0,011331615	-5,583018018	2,36E-08	4,15E-06	Yes
FLT3LG	2323	19	0,090998803	0,016314982	5,577621862	2,44E-08	4,25E-06	No
APEX1	328	14	0,047607333	0,008545226	5,57122009	2,53E-08	4,38E-06	No
LETMD1	25875	12	0,03243142	0,005847992	5,545736062	2,93E-08	5,03E-06	No
PLAGL2	5326	20	-0,069332021	0,012527496	-5,534387873	3,12E-08	5,33E-06	Yes
PRSS23	11098	11	-0,07619201	0,013782567	-5,528143747	3,24E-08	5,47E-06	Yes
ADCY3	109	2	0,068121288	0,012326601	5,526364358	3,27E-08	5,47E-06	No
RPL13A	23521	19	0,111246786	0,02013041	5,526305158	3,27E-08	5,47E-06	No
TCF7L2	6934	10	-0,070167591	0,012733152	-5,510622101	3,58E-08	5,94E-06	Yes
EPHA4	2043	2	0,064498198	0,011727617	5,499684798	3,80E-08	6,28E-06	Yes
CCR4	1233	3	0,05681533	0,010365383	5,481257432	4,22E-08	6,93E-06	Yes
LIME1	54923	20	0,094547836	0,017272965	5,473746817	4,41E-08	7,18E-06	No
ARRB1	408	11	-0,034232743	0,006257069	-5,471050669	4,47E-08	7,25E-06	Yes
RSL1D1	26156	16	0,069054873	0,012624829	5,4697669	4,51E-08	7,25E-06	Yes
IL23A	51561	12	0,057466517	0,010530712	5,457039879	4,84E-08	7,74E-06	No
PIP4K2A	5305	10	-0,098143543	0,018003043	-5,451497603	4,99E-08	7,94E-06	No
GFI1	2672	1	-0,079770293	0,014638621	-5,4493039	5,06E-08	7,98E-06	Yes
PPP1R14B	26472	11	0,062561827	0,011530835	5,425611198	5,78E-08	9,06E-06	No
CCR8	1237	3	0,040844441	0,007583402	5,386031581	7,20E-08	1,12E-05	No
FEZ1	9638	11	-0,024545553	0,004566684	-5,374918406	7,66E-08	1,19E-05	Yes
P2RY6	5031	11	0,022111323	0,004130389	5,353327625	8,64E-08	1,33E-05	Yes
NMUR1	10316	2	-0,054122817	0,010136686	-5,339300782	9,33E-08	1,43E-05	Yes
GPBAR1	151306	2	-0,063903352	0,012009102	-5,321242996	1,03E-07	1,57E-05	No
RPL23A	6147	17	0,077339703	0,014543444	5,317839588	1,05E-07	1,59E-05	No
GK5	256356	3	-0,06748472	0,012720656	-5,305129034	1,13E-07	1,67E-05	Yes
BZRAP1	9256	17	-0,064589117	0,01217497	-5,305074109	1,13E-07	1,67E-05	Yes
EPHA1	2041	7	0,074940534	0,014119427	5,307618497	1,11E-07	1,67E-05	No
NOSIP	51070	19	0,083913796	0,015832658	5,30004471	1,16E-07	1,71E-05	Yes
CCR10	2826	17	0,042859937	0,008089608	5,298147395	1,17E-07	1,72E-05	No
OCIAD2	132299	4	0,05247046	0,009931699	5,283130158	1,27E-07	1,85E-05	Yes
TMEM204	79652	16	0,089068248	0,016871733	5,27914029	1,30E-07	1,88E-05	No
DAB2	1601	5	-0,064405458	0,012227554	-5,267239881	1,38E-07	2,00E-05	Yes
WARS	7453	14	-0,074404171	0,014159515	-5,254711685	1,48E-07	2,11E-05	Yes
LDHB	3945	12	0,10058695	0,019143822	5,254277219	1,49E-07	2,11E-05	Yes
NPM3	10360	10	0,067906854	0,012919882	5,25599632	1,47E-07	2,11E-05	No
SEC14L1	6397	17	-0,049045624	0,009343957	-5,248913537	1,53E-07	2,16E-05	Yes
MIR181A2HG	100379345	9	-0,118118646	0,022665699	-5,211339192	1,87E-07	2,63E-05	No
RPS6	6194	9	0,045980215	0,008831249	5,206535898	1,92E-07	2,68E-05	Yes
DPH5	51611	1	0,047822559	0,009206419	5,194480175	2,05E-07	2,85E-05	Yes
RPL17	6139	18	0,046033818	0,008886028	5,180472073	2,21E-07	3,05E-05	No
FAM171A1	221061	10	0,069468437	0,013415339	5,178284085	2,24E-07	3,07E-05	No
RPSAP46	652624	7	0,084382188	0,016330149	5,167263851	2,38E-07	3,24E-05	No
SOD1	6647	21	0,081387317	0,015808377	5,148366285	2,63E-07	3,57E-05	No
GTF3C1	2975	16	-0,077336141	0,015045586	-5,14012156	2,75E-07	3,71E-05	Yes
ZNF581	51545	19	0,071368082	0,013908411	5,131289332	2,88E-07	3,86E-05	No
INPP4B	8821	4	0,061650305	0,012050151	5,116143896	3,12E-07	4,16E-05	Yes
U2AF1L4	199746	19	0,039702837	0,007761808	5,115153284	3,13E-07	4,16E-05	No
SUSD3	203328	9	0,072134126	0,014118802	5,109082464	3,24E-07	4,26E-05	Yes
NELL2	4753	12	0,108657832	0,021267803	5,109029504	3,24E-07	4,26E-05	Yes
RCAN3	11123	1	0,052387191	0,010271835	5,100081101	3,40E-07	4,44E-05	Yes
MGC24103	158295	9	-0,109596028	0,02151074	-5,094944577	3,49E-07	4,54E-05	No
RPL35P2	646766	6	0,094321788	0,018531074	5,089925566	3,58E-07	4,63E-05	No
RPSAP12	387867	12	0,087301776	0,017180295	5,081506125	3,74E-07	4,82E-05	No
PROS1	5627	3	-0,100007338	0,019689355	-5,079259203	3,79E-07	4,85E-05	Yes
BIN1	274	2	0,055231731	0,010882296	5,075375003	3,87E-07	4,93E-05	Yes
TNFSF4	7292	1	-0,043247844	0,008524544	-5,073332041	3,91E-07	4,96E-05	Yes
CD96	10225	3	0,051511635	0,010203134	5,048609094	4,45E-07	5,61E-05	Yes
GPR55	9290	2	0,046005497	0,0091204	5,044241001	4,55E-07	5,71E-05	Yes
QPRT	23475	16	-0,047194657	0,009370354	-5,036592944	4,74E-07	5,92E-05	No
PSMB10	5699	16	-0,067492711	0,013406148	-5,034459749	4,79E-07	5,93E-05	Yes
RPLP1	6176	15	0,055350802	0,010993276	5,034968889	4,78E-07	5,93E-05	No
IGJ	3512	4	0,165447918	0,03291575	5,026405775	5,00E-07	6,15E-05	Yes
SLC4A1	6521	17	-0,188180797	0,037459439	-5,02358828	5,07E-07	6,17E-05	Yes
PI16	221476	6	0,092218586	0,018355049	5,024153619	5,06E-07	6,17E-05	Yes
PLEKHF1	79156	19	-0,096542917	0,019220811	-5,022832543	5,09E-07	6,17E-05	No
FASLG	356	1	-0,061347171	0,01221674	-5,021566265	5,13E-07	6,19E-05	Yes
CLPP	8192	19	0,063074498	0,012577557	5,014844951	5,31E-07	6,37E-05	Yes
	643433		0,071540207	0,014269036	5,013667746	5,34E-07	6,38E-05	No
NPL	80896	1	-0,055589263	0,011093825	-5,010829485	5,42E-07	6,45E-05	No
TMEM14C	51522	6	0,050453016	0,010083998	5,003275245	5,64E-07	6,67E-05	No
PARL	55486	3	0,03075261	0,006164344	4,988788932	6,08E-07	7,16E-05	No
PRDX5	25824	11	-0,047797016	0,009615198	-4,970986313	6,66E-07	7,81E-05	No
ICA1	3382	7	0,020091819	0,004048056	4,963325121	6,93E-07	8,09E-05	No
BIRC3	330	11	0,039999061	0,008062662	4,961024085	7,01E-07	8,15E-05	Yes
UBXN1	51035	11	0,05561498	0,011240135	4,947892566	7,50E-07	8,68E-05	Yes
RPL35P5	441246	7	0,084751188	0,017178437	4,933579836	8,07E-07	9,30E-05	No
EIF2AK1	27102	7	-0,086487514	0,017546948	-4,928920557	8,27E-07	9,48E-05	Yes
NSA2	10412	5	0,052913496	0,010738887	4,927279529	8,34E-07	9,51E-05	No
CD27	939	12	0,090860554	0,018446869	4,925527057	8,41E-07	9,56E-05	Yes
RPL36P14	347292	9	0,067005208	0,013619508	4,919796437	8,66E-07	9,80E-05	No
RPL4	6124	15	0,079790209	0,016317023	4,889997828	1,01E-06	0,000113507	No
ASNS	440	7	0,039343465	0,008061443	4,880449432	1,06E-06	0,000118612	No
	400455		0,056848819	0,011653456	4,878279715	1,07E-06	0,000119391	No
	652694		0,142108297	0,029162843	4,872923343	1,10E-06	0,000122132	No
SH3BGRL2	83699	6	-0,126367886	0,026002618	-4,859814011	1,17E-06	0,000129376	Yes
BIVM	54841	13	0,043066993	0,008861909	4,859787416	1,18E-06	0,000129376	No
HAPLN3	145864	15	0,057973852	0,011948802	4,851854837	1,22E-06	0,000134073	Yes
RPL35P1	440737	1	0,108758777	0,022464492	4,841363714	1,29E-06	0,000140736	No
FAM134B	54463	5	0,035439126	0,00733062	4,834396929	1,34E-06	0,000145124	No
CXCR6	10663	3	-0,068946786	0,014267587	-4,832407055	1,35E-06	0,000145951	No
GAMT	2593	19	0,031997916	0,0066292	4,826813906	1,39E-06	0,000149464	No
MKRN1	23608	7	-0,108340227	0,022451061	-4,825617313	1,40E-06	0,000149722	Yes
IL11RA	3590	9	0,027090854	0,005617209	4,822832021	1,42E-06	0,000151183	No
SPTAN1	6709	9	0,0684876	0,014225069	4,814570738	1,48E-06	0,000156905	Yes
MAPK1	5594	22	-0,028267112	0,005881854	-4,805816993	1,54E-06	0,000163238	No
RPL13AP6	644511	10	0,090813114	0,018915161	4,801075307	1,58E-06	0,000166449	No
ANG	283	14	0,05312937	0,011069804	4,799486143	1,59E-06	0,000167073	Yes
CORO1B	57175	11	0,04536212	0,009474872	4,787623427	1,69E-06	0,000176517	No
RNF214	257160	11	0,034437173	0,007201027	4,782258491	1,73E-06	0,000180543	No
INADL	10207	1	0,018638544	0,00390963	4,767341951	1,87E-06	0,00019363	No
EIF3M	10480	11	0,050622079	0,010658524	4,74944555	2,04E-06	0,000210707	No
GP9	2815	3	-0,153806303	0,032437529	-4,741615852	2,12E-06	0,00021812	Yes
RPL12	6136	9	0,050322482	0,010625083	4,736196565	2,18E-06	0,000223117	No
	645385		0,08092234	0,017136772	4,722146104	2,33E-06	0,000238131	No
RPS18	6222	6	0,09103683	0,019311963	4,714012376	2,43E-06	0,000246839	No
CST3	1471	20	0,081867626	0,017373091	4,71232345	2,45E-06	0,000246895	Yes
ASB13	79754	10	0,052481691	0,011136024	4,712785164	2,44E-06	0,000246895	No
ENDOD1	23052	11	-0,063614161	0,013518218	-4,705809576	2,53E-06	0,000253892	Yes
RAB34	83871	17	0,053749416	0,011438805	4,698866251	2,62E-06	0,000261631	Yes
CPOX	1371	3	0,42772297	0,0911623	4,691884364	2,71E-06	0,000269647	No
BEX2	84707	X	0,07626218	0,016262934	4,689324786	2,74E-06	0,000271963	No
CLEC1B	51266	12	-0,118286002	0,025237914	-4,686837451	2,77E-06	0,00027402	Yes
RPSA	3921	3	0,038468468	0,008208936	4,686170089	2,78E-06	0,00027402	No
CTSC	1075	11	-0,028070597	0,005992122	-4,684583899	2,81E-06	0,000275072	No
HABP4	22927	9	0,034872711	0,007460469	4,67433218	2,95E-06	0,000287321	Yes
RPL18AP16	347544	X	0,064282825	0,013753117	4,674054971	2,95E-06	0,000287321	No
TMEM123	114908	11	0,090195571	0,019366707	4,657248746	3,20E-06	0,000310589	Yes
STRADB	55437	2	-0,144327876	0,031006562	-4,654752647	3,24E-06	0,000313167	No
CD40LG	959	X	0,063707677	0,013708913	4,64717191	3,37E-06	0,000322414	Yes
DUSP1	1843	5	-0,093734737	0,020168093	-4,647674877	3,36E-06	0,000322414	Yes
CTNNAL1	8727	9	-0,048921444	0,010536678	-4,642966453	3,43E-06	0,000327798	Yes
PLA2G7	7941	6	0,092775803	0,01998999	4,641113148	3,47E-06	0,000328256	Yes
IKBKE	9641	1	0,055666187	0,011993421	4,641393503	3,46E-06	0,000328256	Yes
	642113		0,167414463	0,036137731	4,632677743	3,61E-06	0,000340638	No
HCST	10870	19	-0,049176701	0,010617207	-4,631792666	3,63E-06	0,000340817	No
RPL13AP20	387841	12	0,040541979	0,008760542	4,627793377	3,70E-06	0,000346166	No
SAMSN1	64092	21	0,039558311	0,008549591	4,626924607	3,71E-06	0,000346329	No
PILRA	29992	7	-0,037839048	0,008191317	-4,619409445	3,85E-06	0,000357781	No
FBL	2091	19	0,065356241	0,014158833	4,615934227	3,91E-06	0,000362479	Yes
HKDC1	80201	10	0,052707312	0,011426354	4,612784684	3,97E-06	0,000366664	Yes
GNGT2	2793	17	-0,057723172	0,012529282	-4,607061403	4,08E-06	0,000375518	Yes
RPS15A	6210	16	0,05842089	0,012692231	4,602885865	4,17E-06	0,000381731	No
MPL	4352	1	-0,099408582	0,021620096	-4,5979713	4,27E-06	0,000389423	Yes
FAR2	55711	12	-0,040673933	0,008854881	-4,593391054	4,36E-06	0,00039663	No
ASGR2	433	17	0,024909961	0,005424675	4,591973255	4,39E-06	0,000397204	Yes
SPRY2	10253	13	-0,039922495	0,008694712	-4,591583463	4,40E-06	0,000397204	No
ASGR1	432	17	0,077257505	0,01684638	4,586000304	4,52E-06	0,000406507	No
MRPL24	79590	1	0,037796098	0,008244147	4,5845979	4,55E-06	0,000407783	No
TRIM69	140691	15	0,020169111	0,004409352	4,574166285	4,78E-06	0,000427109	No
SNCA	6622	4	-0,111048831	0,024298953	-4,570107702	4,87E-06	0,00042919	Yes
TRABD	80305	22	0,068762373	0,015048271	4,569453419	4,89E-06	0,00042919	Yes
PRR11	55771	17	-0,042944129	0,009392732	-4,572059604	4,83E-06	0,00042919	Yes
CCDC106	29903	19	0,070272748	0,01537743	4,569862805	4,88E-06	0,00042919	No
MED28	80306	4	0,050446208	0,01103808	4,570197749	4,87E-06	0,00042919	No
ABI3	51225	17	-0,069939059	0,015311812	-4,567653976	4,93E-06	0,000431381	Yes
MGST1	4257	12	0,019120755	0,004190273	4,563128925	5,04E-06	0,000439258	Yes
RPL9	6133	4	0,049311257	0,010877316	4,533402905	5,80E-06	0,000504133	No
H3F3A	3020	1	-0,022248862	0,00491806	-4,523910084	6,07E-06	0,000525476	No
ITK	3702	5	0,064776932	0,014331816	4,519799176	6,19E-06	0,000533942	Yes
ADIPOR1	51094	1	-0,081085665	0,017950497	-4,517182069	6,27E-06	0,000536892	Yes
ENO2	2026	12	0,052109201	0,011534041	4,517861765	6,25E-06	0,000536892	Yes
RCBTB2	1102	13	0,038762517	0,00861603	4,498883818	6,83E-06	0,000583247	No
MUC1	4582	1	0,02017442	0,004490433	4,492755867	7,03E-06	0,000594858	No
MAP4K1	11184	19	0,039784704	0,008855746	4,49252995	7,04E-06	0,000594858	No
RPL18AP3	390354	12	0,104909048	0,023347563	4,493361855	7,01E-06	0,000594858	No
PDZD4	57595	X	-0,058784341	0,013093148	-4,489702435	7,13E-06	0,000600786	Yes
TAGLN2	8407	1	-0,05536516	0,012357181	-4,480403903	7,45E-06	0,000625467	No
	649821		0,075143605	0,016808391	4,470600647	7,80E-06	0,000652654	No
RAB37	326624	17	-0,018050744	0,004038597	-4,469557747	7,84E-06	0,000653665	No
RLTPR	146206	16	0,047173929	0,010559396	4,467483797	7,91E-06	0,000657847	No
MIF	4282	22	0,071939087	0,016112668	4,46475325	8,02E-06	0,000664094	Yes
RPL4P5	158345	9	0,082389623	0,018481783	4,457882748	8,28E-06	0,000683478	No
HINT1	3094	5	0,090832242	0,020381691	4,456560593	8,33E-06	0,000685256	Yes
COLQ	8292	3	-0,020309184	0,004557799	-4,455919164	8,35E-06	0,000685256	No
TMEM97	27346	17	0,033680801	0,007560522	4,454825138	8,40E-06	0,000686516	No
HMGB2	3148	4	0,054844634	0,012314539	4,453648932	8,44E-06	0,000688048	No
THBS1	7057	15	0,107400179	0,02412715	4,451424123	8,53E-06	0,000692967	No
RPS17P16	402057	22	0,041216117	0,009267654	4,447308437	8,70E-06	0,000704094	No
LMTK3	114783	19	0,056758196	0,012764371	4,446611224	8,72E-06	0,000704111	No
TPSAB1	7177	16	0,034474552	0,007756493	4,444605473	8,81E-06	0,000708434	No
	651149		0,076945107	0,017325248	4,441212493	8,95E-06	0,000717399	No
TFDP2	7029	3	-0,028766826	0,006492696	-4,430644417	9,40E-06	0,000751077	No
CDK13	8621	7	-0,033523092	0,007572446	-4,426983171	9,56E-06	0,000761508	No
ACTB	60	7	-0,033565267	0,007588832	-4,422981891	9,73E-06	0,0007733	No
WNK1	65125	12	-0,053427993	0,012087845	-4,419976583	9,87E-06	0,000781659	No
SAMD14	201191	17	-0,07031452	0,015913664	-4,418499679	9,94E-06	0,000784543	No
LPP	4026	3	-0,054234805	0,012283008	-4,415433434	1,01E-05	0,000793253	No
CHST12	55501	7	-0,05721475	0,012960552	-4,414530335	1,01E-05	0,000794082	No
KLF11	8462	2	-0,024539055	0,00555997	-4,413522911	1,02E-05	0,000795303	No
BAG3	9531	10	0,065322989	0,014803608	4,412639745	1,02E-05	0,000796075	Yes
TTC25	83538	17	-0,088163432	0,019989549	-4,410476213	1,03E-05	0,000801582	Yes
RHOBTB3	22836	5	-0,048747441	0,011055004	-4,409536284	1,04E-05	0,000802131	Yes
NCR3	259197	6	-0,07897594	0,017912475	-4,408990989	1,04E-05	0,000802131	Yes
NPC1	4864	18	-0,055668936	0,012640469	-4,404024569	1,06E-05	0,000818209	Yes
RPL26L1	51121	5	0,040548468	0,009208614	4,403319475	1,07E-05	0,000818364	No
TBC1D31	93594	8	-0,052481078	0,011923567	-4,401457977	1,08E-05	0,000822901	No
ST3GAL5	8869	2	-0,033006674	0,007510185	-4,394921811	1,11E-05	0,000841818	Yes
YBX3	8531	12	-0,102983481	0,023434377	-4,394547436	1,11E-05	0,000841818	No
SUN1	23353	7	0,045913538	0,010445938	4,395348467	1,11E-05	0,000841818	No
	440927		0,086967923	0,019817978	4,388334759	1,14E-05	0,000863614	No
	649049		0,073888653	0,016875207	4,378533278	1,19E-05	0,000900662	No
FCRL6	343413	1	-0,061615126	0,014080472	-4,375927697	1,21E-05	0,000908761	Yes
DARS	1615	2	0,050867478	0,011626753	4,375037245	1,21E-05	0,000909755	Yes
RPLP0	6175	12	0,026384866	0,006046249	4,36384035	1,28E-05	0,000954764	No
WDR54	84058	2	0,054591423	0,012524132	4,358898611	1,31E-05	0,000973679	No
MPP1	4354	X	-0,100273972	0,023032636	-4,353560322	1,34E-05	0,000994754	No
STK33	65975	11	-0,052153845	0,011981517	-4,352858054	1,34E-05	0,000995003	No
PRDX1	5052	1	0,03988629	0,009166388	4,351364161	1,35E-05	0,000998861	No
GPR114	221188	16	-0,067679774	0,015562723	-4,3488387	1,37E-05	0,001007469	Yes
PAICS	10606	4	0,019916899	0,004583442	4,345402336	1,39E-05	0,001020379	No
BZW2	28969	7	0,044219074	0,010230949	4,322089317	1,55E-05	0,001131117	No
GZMB	3002	14	-0,127931033	0,02962349	-4,31856731	1,57E-05	0,001145974	Yes
SCRN1	9805	7	-0,058159853	0,013476958	-4,315503036	1,59E-05	0,00115862	Yes
APOA1BP	128240	1	0,048192047	0,011169378	4,314657941	1,60E-05	0,001159699	Yes
ITGB2	3689	21	-0,033886535	0,007864106	-4,309013087	1,64E-05	0,001182857	No
MAPKAPK5-AS1	51275	12	0,091496541	0,02123077	4,309619474	1,64E-05	0,001182857	No
CLYBL	171425	13	0,020470333	0,004756639	4,303528525	1,68E-05	0,001209062	No
LY6G6F	259215	6	-0,066924755	0,01556289	-4,300277998	1,71E-05	0,001223428	No
CD3D	915	11	0,032142962	0,007492633	4,289942475	1,79E-05	0,001278124	Yes
NISCH	11188	3	0,051471511	0,012018165	4,282809618	1,85E-05	0,001316058	No
RPS2P40	91561	11	0,037687736	0,008817526	4,274184816	1,92E-05	0,001364168	No
EEF1B2	1933	2	0,023290763	0,005454414	4,270076179	1,95E-05	0,001385618	No
C2orf40	84417	2	0,038758524	0,009079598	4,268748767	1,97E-05	0,001389961	No
ATP5H	10476	17	0,039825086	0,009347887	4,260330383	2,04E-05	0,00143931	No
PTGER4	5734	5	-0,065707918	0,015429468	-4,258599117	2,06E-05	0,001442397	No
RPS3A	6189	4	0,053892349	0,012653157	4,259201808	2,05E-05	0,001442397	No
SPARC	6678	5	-0,055577927	0,013055631	-4,257008146	2,07E-05	0,00144865	Yes
RNASE6	6039	14	0,096192518	0,022615655	4,253359795	2,11E-05	0,001468375	No
SLC25A37	51312	8	-0,09073739	0,021343564	-4,251276443	2,13E-05	0,001477998	Yes
TMEM42	131616	3	0,049448933	0,011650106	4,244505116	2,19E-05	0,001519131	No
TRIM58	25893	1	-0,136740976	0,03225436	-4,239457171	2,24E-05	0,001549415	Yes
KIAA0355	9710	19	0,049056979	0,011574612	4,238326037	2,25E-05	0,001552963	Yes
C1orf228	339541	1	0,06578769	0,01555634	4,228995266	2,35E-05	0,001614349	No
KCNA5	3741	12	0,034121565	0,008070844	4,227756712	2,36E-05	0,001618824	No
GBP4	115361	1	-0,084765303	0,020072209	-4,223018222	2,41E-05	0,001648745	Yes
APBB3	10307	5	0,042771222	0,010137741	4,219009147	2,45E-05	0,001673774	No
COCH	1690	14	0,025482066	0,006053188	4,209693821	2,56E-05	0,001739569	Yes
	642210		0,045412762	0,010791799	4,208080872	2,58E-05	0,001747294	No
HAGH	3029	16	-0,077751138	0,018479967	-4,20732015	2,58E-05	0,001748459	No
RPS26P47	400156	13	0,158695803	0,037760247	4,202721511	2,64E-05	0,001777573	No
RPS16P1	441876	1	0,045287957	0,010776769	4,202368859	2,64E-05	0,001777573	No
PITHD1	57095	1	-0,117473278	0,028001208	-4,195293252	2,73E-05	0,001829082	No
FES	2242	15	0,068486262	0,016337377	4,191998705	2,77E-05	0,001850905	Yes
	650832		-0,099729795	0,023808196	-4,188884972	2,80E-05	0,001871491	No
SYTL2	54843	11	-0,016405685	0,003919658	-4,185488939	2,85E-05	0,00189029	No
FBXL19-AS1	283932	16	-0,030390088	0,007260956	-4,185411133	2,85E-05	0,00189029	No
ROMO1	140823	20	0,057526182	0,013781507	4,174157643	2,99E-05	0,001980943	No
RPS17	6218	15	0,050982157	0,01221794	4,172729242	3,01E-05	0,001988161	No
OLIG2	10215	21	0,056859905	0,013633552	4,170586399	3,04E-05	0,002001682	No
MAP3K4	4216	6	0,024201515	0,0058277	4,152841613	3,28E-05	0,0021578	No
SDPR	8436	2	-0,104015344	0,025072605	-4,148565561	3,35E-05	0,002192755	Yes
OXA1L	5018	14	0,047583279	0,011486104	4,142682257	3,43E-05	0,002243932	Yes
RPL35	11224	9	0,058296516	0,014086556	4,138450498	3,50E-05	0,002279779	Yes
STK26	51765	X	-0,045901059	0,011098882	-4,135647008	3,54E-05	0,002301814	No
ITGB3	3690	17	-0,083269725	0,020151761	-4,132131451	3,59E-05	0,002327839	Yes
	388654		0,074183949	0,017954054	4,131877261	3,60E-05	0,002327839	No
RPS9	6203	19	0,050752559	0,012301178	4,125829126	3,69E-05	0,002383732	No
APRT	353	16	0,040535021	0,00985702	4,11229961	3,92E-05	0,002521383	No
MYOM2	9172	8	-0,245616698	0,059798193	-4,107426776	4,00E-05	0,002568567	Yes
	400163		0,030514502	0,007443075	4,099717046	4,14E-05	0,002648873	No
RPS5	6193	19	0,064581329	0,01575902	4,098054867	4,17E-05	0,002661173	No
CA1	759	8	-0,167525865	0,040925349	-4,093449925	4,25E-05	0,00270086	Yes
GNG2	54331	14	-0,071657562	0,017504447	-4,093677643	4,25E-05	0,00270086	No
ZBTB39	9880	12	0,034392392	0,008416942	4,08609095	4,39E-05	0,002780882	Yes
NFIX	4784	19	-0,110298149	0,027025343	-4,08128588	4,48E-05	0,002818428	Yes
FAAH2	158584	X	0,033062077	0,008101022	4,081223115	4,48E-05	0,002818428	Yes
CHST15	51363	10	-0,063377607	0,015525757	-4,082094552	4,46E-05	0,002818428	No
CAMK1D	57118	10	-0,018537504	0,00455554	-4,069222186	4,72E-05	0,002960175	No
NUBP2	10101	16	0,038478409	0,009457975	4,068356192	4,73E-05	0,002963787	No
NCF4	4689	22	0,036131708	0,008888791	4,064861926	4,81E-05	0,003001057	No
	651453		0,060916027	0,01498933	4,063959317	4,82E-05	0,003005216	No
DSC2	1824	18	0,036825088	0,009073413	4,058570689	4,94E-05	0,003060212	Yes
MMRN1	22915	4	-0,042927268	0,010576793	-4,058628112	4,94E-05	0,003060212	Yes
PRSS30P	124221	16	-0,065212658	0,016074136	-4,056993016	4,97E-05	0,003073361	No
CLIC3	9022	9	-0,09963665	0,024567691	-4,055596871	5,00E-05	0,003084181	Yes
FKBP5	2289	6	0,0922535	0,022762911	4,052798929	5,06E-05	0,00310605	Yes
	650761		-0,057941043	0,014295588	-4,053071705	5,05E-05	0,00310605	No
ARID5B	84159	10	0,05572719	0,013767879	4,047623551	5,17E-05	0,003167767	No
BLK	640	8	0,079855009	0,01973198	4,046984162	5,19E-05	0,0031687	Yes
NSMCE1	197370	16	0,055670177	0,013761798	4,045269135	5,23E-05	0,00318424	Yes
RPL7AP62	644029	15	0,03599299	0,008913746	4,037919545	5,39E-05	0,003277685	No
CBS	875	21	0,070228914	0,01740163	4,035766324	5,44E-05	0,003291953	Yes
SHMT2	6472	12	0,047149197	0,011682761	4,035792249	5,44E-05	0,003291953	Yes
ECHDC2	55268	1	0,063503019	0,015737523	4,035134337	5,46E-05	0,003292892	No
RPS3	6188	11	0,054646077	0,013554578	4,031558737	5,54E-05	0,003335384	No
CD244	51744	1	-0,046246666	0,011478407	-4,029014285	5,60E-05	0,003363621	Yes
SLC25A23	79085	19	0,051669427	0,012835223	4,025596354	5,68E-05	0,003396607	Yes
SCGB1C1	147199	11	-0,06496346	0,016137599	-4,025596264	5,68E-05	0,003396607	No
MRPS21	54460	1	0,042059531	0,010455865	4,022577641	5,76E-05	0,003432276	No
SNRPA1	6627	15	0,040893107	0,010186103	4,014597848	5,95E-05	0,003542073	No
CEP68	23177	2	0,04213057	0,010512972	4,007484082	6,14E-05	0,003641807	Yes
WDR11	55717	10	-0,03651868	0,009115767	-4,00610083	6,17E-05	0,00365455	No
CD38	952	4	-0,070657252	0,017683876	-3,995574883	6,45E-05	0,003792832	Yes
RPL22	6146	1	0,055956727	0,014006371	3,995090939	6,47E-05	0,003792832	Yes
EEF1G	1937	11	0,09973811	0,02496176	3,995636116	6,45E-05	0,003792832	No
TRIM10	10107	6	-0,01894179	0,004740667	-3,995595698	6,45E-05	0,003792832	No
BIRC2	329	11	-0,040616934	0,010178779	-3,990354179	6,60E-05	0,003855251	No
TNFRSF4	7293	1	0,023889775	0,005987237	3,990116409	6,60E-05	0,003855251	No
LGALS1	3956	22	0,067216619	0,016868747	3,984683698	6,76E-05	0,003935369	Yes
ATP2B4	493	1	-0,028716778	0,007216645	-3,979242123	6,91E-05	0,004017209	No
	645442		-0,050978448	0,012825195	-3,974867204	7,04E-05	0,004082324	No
GRAMD4	23151	22	0,0480131	0,012090314	3,971203704	7,15E-05	0,004136069	No
RPL26	6154	17	0,096328284	0,02426017	3,970635217	7,17E-05	0,004136421	No
RNF144B	255488	6	-0,060873025	0,015341816	-3,967784788	7,25E-05	0,004176593	No
SELENBP1	8991	1	-0,139105955	0,035096728	-3,963502144	7,39E-05	0,004223644	Yes
CLDND2	125875	19	-0,064027187	0,016151762	-3,964099118	7,37E-05	0,004223644	Yes
DNASE1L3	1776	3	0,04502423	0,011359779	3,963477547	7,39E-05	0,004223644	No
TGFBI	7045	5	0,068466446	0,01728102	3,961944682	7,43E-05	0,004235653	No
LRRC75A-AS1	125144	17	0,073494991	0,018551307	3,961715072	7,44E-05	0,004235653	No
TESPA1	9840	12	0,070234103	0,017750412	3,956759016	7,60E-05	0,004314676	No
SGSM2	9905	17	0,059519547	0,015046207	3,95578403	7,63E-05	0,004322533	No
C10orf35	219738	10	0,051815093	0,013107047	3,953223904	7,71E-05	0,004359224	Yes
	651380		-0,037539695	0,009504003	-3,949882676	7,82E-05	0,004410591	No
BCL9	607	1	0,044652455	0,011318053	3,945241861	7,97E-05	0,004486812	Yes
IRF2BP2	359948	1	0,033962826	0,008609918	3,944616678	7,99E-05	0,00448847	No
SLC20A1	6574	2	-0,049339003	0,012543617	-3,933395255	8,38E-05	0,004684294	Yes
CCDC66	285331	3	0,041595916	0,010575326	3,933298545	8,38E-05	0,004684294	No
EIF1	10209	17	-0,046019453	0,011709843	-3,929980511	8,50E-05	0,004738853	Yes
PARM1	25849	4	0,043801046	0,011156547	3,926039585	8,64E-05	0,004806446	Yes
SSBP3	23648	1	-0,046832156	0,01193764	-3,923066639	8,74E-05	0,004855402	No
PTGDR2	11251	11	0,063983593	0,016323412	3,919743778	8,86E-05	0,004911966	No
MRPS15	64960	1	0,043472229	0,011095721	3,917927288	8,93E-05	0,004938218	Yes
FCER1A	2205	1	0,110086988	0,028116156	3,915435185	9,02E-05	0,004978542	No
ZDHHC1	29800	16	-0,050828423	0,012992894	-3,912017135	9,15E-05	0,005038479	No
ESAM	90952	11	-0,069498818	0,017782605	-3,908247237	9,30E-05	0,005106535	Yes
PLEK2	26499	14	-0,088650931	0,022702805	-3,904844896	9,43E-05	0,005167605	Yes
	642035		0,064692757	0,016572909	3,903524537	9,48E-05	0,005184571	No
ANXA2P2	304	9	-0,3804044	0,09748276	-3,902273592	9,53E-05	0,005200117	No
ANXA2R	389289	5	0,055539419	0,014249191	3,89772437	9,71E-05	0,005287257	No
ATRIP	84126	3	0,028570354	0,007332966	3,896152829	9,77E-05	0,005310145	No
HSPE1	3336	2	0,047652298	0,012232472	3,895557609	9,80E-05	0,005311706	No
SELM	140606	22	0,053093743	0,013634268	3,894139496	9,85E-05	0,005331358	Yes
RPS2P8	440589	1	0,025081251	0,00644798	3,889784369	0,000100333	0,005416274	No
CTSS	1520	1	-0,057946471	0,014901779	-3,888560656	0,00010084	0,005431969	No
RPAIN	84268	17	0,033535298	0,00862777	3,886902123	0,000101532	0,00545749	No
EIF3H	8667	8	0,047049829	0,012107223	3,886095843	0,000101869	0,005463938	No
SMAD7	4092	18	-0,027929775	0,007190135	-3,884457509	0,000102559	0,005489183	No
STRADBP1	389599	7	-0,130803264	0,033690998	-3,882439537	0,000103414	0,005523174	No
GPR160	26996	3	0,059577488	0,015359635	3,87883491	0,000104958	0,005585804	Yes
ADAMDEC1	27299	8	0,018135177	0,004675624	3,878664596	0,000105031	0,005585804	No
ATRAID	51374	2	0,029896114	0,007711229	3,876958453	0,00010577	0,005613211	No
ACRBP	84519	12	-0,085449676	0,022061823	-3,873191922	0,000107419	0,005688684	Yes
BATF3	55509	1	-0,040819291	0,010558685	-3,86594453	0,00011066	0,005847978	Yes
C17orf58	284018	17	-0,013505933	0,00349467	-3,864723746	0,000111215	0,005864956	No
LCP1	3936	13	-0,043710382	0,011332439	-3,857102898	0,000114739	0,006038103	No
MB21D2	151963	3	0,03994847	0,010383829	3,84718094	0,000119485	0,006274698	No
ADAP2	55803	17	-0,055793069	0,0145188	-3,84281535	0,000121631	0,006355037	Yes
USP5	8078	12	0,053309887	0,013872112	3,842953748	0,000121562	0,006355037	Yes
HPCAL4	51440	1	0,047094228	0,012256057	3,842526875	0,000121774	0,006355037	No
SLC31A1	1317	9	-0,057103176	0,014871721	-3,83971537	0,000123177	0,006414917	Yes
LAIR2	3904	19	-0,070053281	0,018247878	-3,83898231	0,000123545	0,006420776	No
MRPL36	64979	5	0,049879438	0,013007941	3,834537627	0,000125801	0,006511995	No
RPL19P9	653314	5	0,044002917	0,011475526	3,834501202	0,000125819	0,006511995	No
LAMA5	3911	20	0,053503415	0,01396806	3,830411427	0,000127929	0,006598918	No
STAT3	6774	17	-0,027224716	0,007107858	-3,830228012	0,000128025	0,006598918	No
RASSF7	8045	11	0,057826683	0,015108575	3,827408161	0,0001295	0,006661272	No
GNPTAB	79158	12	-0,024724453	0,006471946	-3,820249946	0,000133317	0,006834171	Yes
NRGN	4900	11	-0,117616656	0,030789012	-3,820085424	0,000133405	0,006834171	Yes
MTMR12	54545	5	-0,040975485	0,010740338	-3,815101959	0,000136127	0,006917211	Yes
KLHL3	26249	5	0,047895859	0,012554292	3,815098406	0,000136129	0,006917211	Yes
CAMTA1	23261	1	0,036235619	0,009497256	3,815377711	0,000135975	0,006917211	No
ANKRD55	79722	5	0,047287514	0,012391596	3,81609545	0,00013558	0,006917211	No
TUBB1	81027	20	-0,099758478	0,02615297	-3,814422488	0,000136502	0,006922156	Yes
HVCN1	84329	12	-0,038648911	0,010139288	-3,811797363	0,00013796	0,006981998	No
	642989		0,106899918	0,028067268	3,8087041	0,000139697	0,007055683	No
PBX4	80714	19	0,040369225	0,010604828	3,806683758	0,000140843	0,007099262	Yes
RPS28P7	646195	11	0,037364329	0,00981684	3,80614611	0,000141149	0,007100446	No
NCR3LG1	374383	11	-0,029460196	0,007743434	-3,804538821	0,000142069	0,007132414	No
HSP90AB1	3326	6	0,049976245	0,013147102	3,801312646	0,000143932	0,007211517	No
TMEM101	84336	17	0,038186019	0,010048223	3,800275986	0,000144535	0,007227327	No
GNL3	26354	3	0,02048665	0,005394026	3,798025535	0,000145853	0,007278747	No
EIF2S3	1968	X	0,043257895	0,011407826	3,791949146	0,00014947	0,007444413	No
RALA	5898	7	0,040811199	0,010773903	3,787968015	0,000151884	0,00751103	Yes
C19orf70	125988	19	0,052576783	0,013882452	3,787283701	0,000152303	0,00751103	Yes
BRD4	23476	19	-0,021841736	0,005766441	-3,78773277	0,000152028	0,00751103	No
SOX8	30812	16	0,060203733	0,015895455	3,787480943	0,000152182	0,00751103	No
POLD2P1	391811	5	0,052422428	0,013836018	3,78883774	0,000151354	0,00751103	No
GRAP	10750	17	0,013054617	0,003449768	3,784201192	0,000154203	0,007589814	No
TNFRSF17	608	16	0,075128641	0,019880193	3,779069959	0,000157415	0,007732752	Yes
NDUFS3	4722	11	0,047459681	0,012561526	3,778177986	0,00015798	0,007745338	No
CRACR2B	283229	11	0,04218218	0,011169731	3,776472515	0,000159065	0,007783338	No
MGAT3	4248	22	0,0209597	0,005551887	3,775239084	0,000159854	0,007806735	No
STOML2	30968	9	0,0494974	0,013148711	3,76442983	0,00016693	0,008136437	Yes
DDX41	51428	5	0,043353468	0,011521345	3,762882538	0,000167966	0,008171095	No
ATP6V0E2	155066	7	0,059869051	0,015920858	3,760416111	0,000169631	0,008236124	No
DGKA	1606	12	0,015852507	0,004219889	3,756616981	0,000172226	0,008329887	Yes
NHP2	55651	5	0,032504035	0,008652369	3,756662872	0,000172194	0,008329887	No
CDC25B	994	20	0,02539119	0,006762353	3,754786421	0,000173489	0,008374865	Yes
FAM84B	157638	8	0,051127814	0,013619102	3,754125225	0,000173948	0,008380883	Yes
SUCLG2	8801	3	0,057597447	0,015357361	3,750478218	0,000176498	0,008471212	Yes
C19orf53	28974	19	0,051648118	0,013770301	3,750689204	0,000176349	0,008471212	Yes
TBC1D4	9882	13	0,053591601	0,01429163	3,74985913	0,000176934	0,008475946	No
MAN1C1	57134	1	0,047550782	0,012683241	3,749103467	0,000177468	0,00848533	No
LRIG1	26018	3	0,031048116	0,00828403	3,747948213	0,000178287	0,008508292	No
BRICD5	283870	16	0,03346975	0,008932376	3,747015273	0,000178951	0,008523782	No
TAP2	6891	6	-0,04273962	0,011410426	-3,745663692	0,000179917	0,008553577	No
MYL6B	140465	12	0,047417275	0,012661805	3,744906317	0,000180461	0,008563203	No
ENPP4	22875	6	-0,052702549	0,014080147	-3,743039631	0,000181808	0,008610817	Yes
FBLN5	10516	14	0,044813936	0,011976404	3,74185246	0,000182669	0,008635313	No
COL4A3	1285	2	0,018491606	0,004942672	3,741216678	0,000183132	0,008640917	No
	646200		0,059238787	0,015846688	3,738243907	0,00018531	0,008727307	No
IMPDH2	3615	3	0,046108035	0,012345954	3,734667671	0,000187963	0,00883568	Yes
RPL19	6143	17	0,03984853	0,010677531	3,731998651	0,000189967	0,008896529	No
EIF2B4	8890	2	0,017250443	0,004621873	3,73234895	0,000189702	0,008896529	No
	731096		0,056040693	0,015018668	3,73140223	0,000190417	0,008901015	No
ALOX12	239	17	-0,075069785	0,02012244	-3,730650269	0,000190986	0,008911032	No
NAP1L4	4676	11	0,044669914	0,011977281	3,729553965	0,000191819	0,008933286	Yes
BRIX1	55299	5	0,029897968	0,008017737	3,72897848	0,000192258	0,008937129	No
	731985		0,067430898	0,018114027	3,722579	0,000197198	0,00914985	No
TSPAN9	10867	12	-0,093888826	0,025224907	-3,722068303	0,000197598	0,009151464	Yes
SMOX	54498	20	-0,043420325	0,011677521	-3,718282729	0,000200582	0,009272563	No
SLAMF1	6504	1	0,04678806	0,012595473	3,714672818	0,000203467	0,009388645	Yes
	653506		-0,069019655	0,018624917	-3,705769846	0,00021075	0,009706857	No
RRAS2	22800	11	-0,032998516	0,008906676	-3,704919471	0,000211458	0,009718424	No
HES6	55502	2	-0,046476144	0,012545728	-3,704539534	0,000211775	0,009718424	No
INSIG1	3638	7	-0,031095075	0,008401973	-3,700925345	0,000214815	0,009839923	No
RFTN1	23180	3	-0,04914137	0,013288589	-3,698012759	0,000217294	0,009935361	Yes
	768329		-0,028299515	0,007654813	-3,696956893	0,000218199	0,009958619	No
RPL24	6152	3	0,052013632	0,01407477	3,695522605	0,000219435	0,009996835	No
AP3M2	10947	8	0,045775348	0,012396053	3,6927356	0,000221855	0,010070516	Yes
POLR1C	9533	6	0,02981757	0,00807398	3,693045085	0,000221585	0,010070516	No
LPXN	9404	11	0,045689338	0,012381437	3,690148252	0,000224123	0,010152256	Yes
CD81	975	11	-0,054077886	0,0146562	-3,689761638	0,000224464	0,010152256	No
TSEN2	80746	3	0,03606683	0,009776634	3,689084725	0,000225062	0,010160995	No
	645128		-0,110086688	0,029850129	-3,687980294	0,000226041	0,010186867	No
HCFC1R1	54985	16	0,033854891	0,00920106	3,679455432	0,000233733	0,010501099	No
POLR3GL	84265	1	0,042672863	0,011598008	3,679326789	0,00023385	0,010501099	No
ERP29	10961	12	0,018628864	0,005069927	3,674385257	0,000238423	0,0106873	No
SLAMF7	57823	1	-0,035861138	0,009767884	-3,67133126	0,00024129	0,010796561	Yes
SNTB2	6645	16	-0,029610107	0,008067252	-3,670408046	0,000242164	0,010816353	No
JAZF1	221895	7	-0,067131109	0,018298789	-3,668609383	0,000243873	0,010873373	Yes
OXLD1	339229	17	0,030181264	0,008239856	3,662838688	0,000249436	0,011101654	No
RPL37P6	346950	8	0,074313276	0,020292547	3,662097052	0,000250159	0,011114146	No
RPL3	6122	22	0,036957499	0,010099404	3,659374218	0,000252832	0,01121305	No
RPL18	6141	19	0,037343598	0,010210368	3,657419435	0,000254767	0,011278957	Yes
RPS13	6207	11	0,057095729	0,015614523	3,656578409	0,000255604	0,011296088	Yes
RTN4	57142	2	-0,016997113	0,004649129	-3,655977814	0,000256204	0,011302672	No
VCAN	1462	5	0,07951792	0,021752983	3,655494924	0,000256686	0,011304104	Yes
P2RY12	64805	3	-0,037966198	0,010395514	-3,652171479	0,000260032	0,011431396	Yes
ZBTB25	7597	14	0,025520984	0,006988821	3,651686772	0,000260524	0,011432975	No
CYB5R3	1727	22	-0,035042813	0,009606455	-3,647840403	0,000264454	0,0115852	No
EEF1A1	1915	6	0,019511057	0,005354596	3,643796644	0,000268646	0,011727903	No
LOC100128059	100128059	5	-0,052259014	0,014340273	-3,644213262	0,000268211	0,011727903	No
SLC27A3	11000	1	-0,059283966	0,016309925	-3,634839852	0,000278153	0,012100877	Yes
IL2RA	3559	10	0,022153919	0,006094401	3,635126585	0,000277844	0,012100877	No
YBX3P1	440359	16	-0,100062394	0,027542034	-3,633079294	0,000280059	0,012162697	No
IRAK2	3656	3	-0,04889497	0,013460926	-3,632362998	0,000280838	0,012175454	Yes
C6orf48	50854	6	0,021114664	0,00581799	3,629202436	0,000284298	0,012302991	No
RPL18P13	441775	16	0,078738782	0,021698395	3,628783706	0,00028476	0,012302991	No
CDR2	1039	16	0,052119116	0,014383464	3,62354405	0,000290594	0,012533475	No
TRAK1	22906	3	-0,025266932	0,006977134	-3,621391258	0,000293023	0,012616574	No
	649063		-0,020944861	0,00578559	-3,620177048	0,000294402	0,012654223	No
SETBP1	26040	18	-0,045019102	0,012442166	-3,618268821	0,00029658	0,012704364	Yes
TRAF6	7189	11	-0,018433431	0,005094018	-3,618642452	0,000296152	0,012704364	No
	136143		0,053991373	0,014931808	3,61586317	0,000299348	0,012801099	No
	729905		-0,040384245	0,011189129	-3,60923934	0,000307096	0,013110082	No
RPS2P17	400963	2	0,04855225	0,013456652	3,608048301	0,000308509	0,013148038	No
CD8A	925	2	-0,052957321	0,014696549	-3,603384826	0,0003141	0,013345643	No
CCL3	6348	17	-0,044670576	0,012397148	-3,603294619	0,000314209	0,013345643	No
HLA-DPA1	3113	6	-0,057358061	0,015931437	-3,600306872	0,000317842	0,013477138	Yes
SCAMP1	9522	5	-0,024585214	0,006834713	-3,597110089	0,000321772	0,013620791	No
FBXL15	79176	10	0,038927706	0,010823751	3,59650793	0,000322518	0,013629361	No
ATP1B1	481	1	-0,021967453	0,006109491	-3,595627623	0,00032361	0,013652553	No
RNFT2	84900	12	0,041938214	0,011668954	3,593999336	0,000325641	0,013715154	No
OVGP1	5016	1	0,037483623	0,010438278	3,59097754	0,00032944	0,013851932	Yes
MRPS26	64949	20	0,047120678	0,013129709	3,58885936	0,000332128	0,013918323	Yes
DNM3	26052	1	-0,045816571	0,012764991	-3,589236505	0,000331648	0,013918323	No
ITGA2B	3674	17	-0,098254702	0,027390255	-3,587213867	0,00033423	0,013983077	Yes
CXCR5	643	11	0,023814061	0,006641142	3,585838231	0,000335997	0,014033614	Yes
IER5	51278	1	-0,041326753	0,011526734	-3,585295793	0,000336696	0,014039456	No
ASCC2	84164	22	-0,097129982	0,027105472	-3,583408614	0,000339139	0,014094501	Yes
LAMP2	3920	X	-0,024787375	0,006916585	-3,583759066	0,000338685	0,014094501	No
NME1-NME2	654364	17	0,023807531	0,00664472	3,582924619	0,000339769	0,014097311	No
TLN1	7094	9	-0,060436733	0,016879566	-3,580467204	0,00034298	0,014207085	Yes
CISH	1154	3	0,05117542	0,014308354	3,576611184	0,000348077	0,014394459	Yes
FCRLB	127943	1	-0,039837619	0,011146837	-3,57389438	0,000351711	0,014520799	Yes
SLC2A8	29988	9	-0,05424275	0,015197085	-3,569286378	0,000357955	0,014754328	No
NIPAL3	57185	1	0,037867319	0,010612452	3,568196864	0,000359446	0,014791514	No
SERPINE2	5270	2	-0,07323836	0,020532037	-3,567028391	0,000361052	0,014813005	Yes
GLTSCR2	29997	19	0,040655066	0,011398188	3,56680088	0,000361366	0,014813005	No
RPL13AP3	645683	14	0,048164898	0,013504693	3,566530316	0,000361739	0,014813005	No
RTP5	285093	2	-0,041667783	0,011692646	-3,563588783	0,000365819	0,014955677	No
ZNF84	7637	12	0,15797235	0,044377649	3,559727776	0,000371239	0,015152605	No
LEPROTL1	23484	8	0,057500869	0,016157644	3,558740887	0,000372637	0,015184955	Yes
GFRA2	2675	8	0,043382911	0,012213024	3,552184057	0,000382048	0,015543204	No
MRPL45	84311	17	0,031732081	0,00895175	3,544790845	0,000392925	0,015959865	No
IGFBP4	3487	17	-0,041385821	0,011678146	-3,543869236	0,000394301	0,015989883	Yes
SYTL4	94121	X	-0,040266205	0,011374383	-3,540078195	0,000400008	0,016143108	Yes
TJP2	9414	9	-0,015514537	0,004382444	-3,540156141	0,00039989	0,016143108	No
PPP1R35	221908	7	0,039858237	0,011257283	3,540662297	0,000399124	0,016143108	No
CHD9	80205	16	-0,045098529	0,012741527	-3,539491651	0,000400898	0,016153054	Yes
	651436		0,075057134	0,021213983	3,538097265	0,000403022	0,016212576	No
C3AR1	719	12	-0,056889058	0,016110081	-3,531270841	0,000413568	0,016610216	No
PRKCDBP	112464	11	0,0419358	0,011880855	3,529695438	0,000416038	0,016682737	No
PPA1	5464	10	0,058634644	0,016620828	3,527781185	0,000419058	0,01677704	No
HDDC3	374659	15	0,039790889	0,011287737	3,525143192	0,000423254	0,016918026	Yes
LOC401002	401002	2	-0,048350167	0,013720258	-3,523998412	0,000425087	0,016964275	No
RGMB	285704	5	0,014515345	0,004120229	3,522945793	0,000426779	0,017004758	No
CCND2	894	12	0,031155253	0,008853922	3,518808076	0,00043349	0,017244803	No
NCOA4	8031	10	-0,046291746	0,013176913	-3,513094904	0,000442919	0,017592023	Yes
FAM43A	131583	3	-0,049138091	0,013994234	-3,511309801	0,000445904	0,017682611	No
C15orf26	161502	15	-0,038466779	0,010958252	-3,510302604	0,000447597	0,017693827	Yes
GSE1	23199	16	-0,041105935	0,011709738	-3,510406047	0,000447423	0,017693827	No
GMPR	2766	6	-0,099940075	0,028491885	-3,507668082	0,000452053	0,017841865	Yes
FOSB	2354	19	-0,056053902	0,015986851	-3,506250337	0,000454468	0,017909019	No
RPS15P4	401019	2	0,033566181	0,009574671	3,505726841	0,000455362	0,017916151	No
DPM3	54344	1	0,033633298	0,009603386	3,502233416	0,000461375	0,018124321	No
ELOVL6	79071	4	-0,023623409	0,006748329	-3,500631002	0,000464158	0,018205149	No
VCL	7414	10	-0,01887309	0,0053922	-3,500072183	0,000465132	0,018214896	Yes
FHIT	2272	3	0,048280274	0,013798986	3,498827624	0,000467309	0,01827162	No
CLUAP1	23059	16	0,015152447	0,004333917	3,496247646	0,000471851	0,018391915	No
RPL6P19	646483	7	0,050904437	0,014559678	3,496261075	0,000471827	0,018391915	No
TMEM256	254863	17	0,059387252	0,017004112	3,492523046	0,00047848	0,018621415	No
TSPYL1	7259	6	-0,039233536	0,011240914	-3,490244149	0,000482579	0,018751872	Yes
AHCY	191	20	0,047524388	0,013618314	3,489740915	0,000483489	0,018758179	No
ARHGEF12	23365	11	-0,032982237	0,00945446	-3,488537499	0,000485671	0,018813743	Yes
PRKCQ-AS1	439949	10	0,093264682	0,026743139	3,487424696	0,000487696	0,018863099	No
KRT72	140807	12	0,094591476	0,027133045	3,486209316	0,000489918	0,01891986	Yes
CMTM5	116173	14	-0,056731807	0,016275417	-3,48573606	0,000490785	0,018924247	Yes
ZNF815P	401303	7	0,038670754	0,011095749	3,485186333	0,000491794	0,018934086	No
ITGB5	3693	3	-0,014459125	0,004149757	-3,484330674	0,00049337	0,018965638	No
PEPD	5184	19	0,041806226	0,012002538	3,483115526	0,000495614	0,019022804	Yes
FBXO7	25793	22	-0,033460064	0,009613279	-3,480608826	0,000500276	0,019143166	Yes
GYPE	2996	4	-0,017745666	0,005098126	-3,480821613	0,000499878	0,019143166	No
LRPPRC	10128	2	0,033548147	0,009643355	3,478887578	0,0005035	0,019237216	No
FAM46C	54855	1	-0,134024236	0,038550073	-3,476627282	0,000507763	0,019365848	Yes
C15orf53	400359	15	0,021032577	0,006050301	3,476286186	0,000508409	0,019365848	No
BNC2	54796	9	-0,029637987	0,00852676	-3,475879258	0,000509181	0,019365869	Yes
GATS	352954	7	-0,052058464	0,014987761	-3,473398301	0,000513912	0,019516219	No
CABP5	56344	19	-0,05979698	0,017226724	-3,471175427	0,000518185	0,019648774	Yes
PLSCR3	57048	17	0,052498504	0,01512665	3,470596918	0,000519303	0,01966145	No
EIF2D	1939	1	0,039964636	0,011519198	3,469393829	0,000521634	0,019690318	No
ABHD14B	84836	3	0,04181402	0,012052189	3,46941297	0,000521597	0,019690318	No
	649260		-0,045189729	0,013038546	-3,465856512	0,000528545	0,019921236	No
DDIT4	54541	10	-0,079060272	0,022819987	-3,46451866	0,000531181	0,019960648	Yes
ILF2	3608	1	0,037386078	0,01079024	3,464805033	0,000530616	0,019960648	Yes
LOC727820	727820	1	0,041123373	0,011879624	3,46167304	0,000536829	0,020142719	No
GPR137B	7107	1	-0,043156459	0,012469002	-3,4610997	0,000537974	0,02015554	Yes
SOX13	9580	1	-0,038404273	0,011097688	-3,460565294	0,000539042	0,020165491	Yes
CHMP7	91782	8	0,033623703	0,009732867	3,454655394	0,000550997	0,020582018	Yes
LASP1	3927	17	-0,047384393	0,013730094	-3,451133911	0,000558237	0,020821476	No
TMOD1	7111	9	-0,105929401	0,030741836	-3,445773459	0,000569428	0,021207373	Yes
	651202		0,077636212	0,022547545	3,443222363	0,000574826	0,021345109	No
	653344		0,042605707	0,012373511	3,443299819	0,000574662	0,021345109	No
RRS1	23212	8	0,038679702	0,01124211	3,440608808	0,000580407	0,021520498	No
RPL10AP3	137107	8	0,035348839	0,010277368	3,439483754	0,000582825	0,02157827	No
RBPJ	3516	4	-0,018109584	0,005269055	-3,436970191	0,00058826	0,021747439	No
BCS1L	617	2	0,036424999	0,010603859	3,435070065	0,000592401	0,021868295	No
CLNS1A	1207	11	0,044414424	0,012942615	3,431642279	0,000599938	0,022114027	No
TOP1MT	116447	8	0,017484035	0,005097447	3,429959317	0,000603672	0,022219015	Yes
COMMD3	23412	10	0,039178503	0,011424477	3,429347432	0,000605034	0,022236568	No
CTLA4	1493	2	0,018978931	0,005535223	3,428756648	0,000606353	0,022252444	No
PIM1	5292	6	-0,078437259	0,022888042	-3,426997329	0,000610295	0,022364419	Yes
CMSS1	84319	3	0,023342062	0,006812572	3,426321681	0,000611815	0,022387447	No
TSPAN33	340348	7	-0,075956178	0,02217898	-3,424692162	0,000615496	0,02248936	Yes
RMDN3	55177	15	-0,040689377	0,01188531	-3,423501514	0,000618199	0,022555281	No
PMPCA	23203	9	0,040905411	0,011958226	3,420692145	0,00062462	0,022756473	No
S100PBP	64766	1	-0,014788282	0,004323817	-3,420191753	0,00062577	0,022765335	No
EFHD2	79180	1	-0,043461197	0,012709692	-3,419531864	0,00062729	0,022787598	Yes
TRIP6	7205	7	0,034205356	0,01000423	3,419089365	0,000628311	0,022791705	No
RPS20	6224	8	0,054005185	0,01579852	3,41836997	0,000629974	0,022819062	No
MAPKAPK3	7867	3	-0,047147878	0,01379443	-3,417892505	0,00063108	0,022826191	Yes
SNX3	8724	6	-0,020042136	0,005869844	-3,414424055	0,00063917	0,023085536	No
RNASE4	6038	14	0,01572051	0,004606056	3,413008905	0,000642498	0,023172407	No
TEN1	100134934	17	0,19616172	0,05748676	3,412293892	0,000644186	0,023199946	No
NDUFS5	4725	1	0,055983911	0,01641173	3,411213338	0,000646745	0,023258717	Yes
EDC3	80153	15	0,033267491	0,009756725	3,409698532	0,000650347	0,023354816	No
GLRX5	51218	14	-0,091980974	0,02700629	-3,405909319	0,000659441	0,023647547	Yes
RASGRP3	25780	2	0,05157041	0,015144325	3,405263058	0,000661003	0,02366977	No
GPR82	27197	X	0,016116388	0,004737319	3,402006308	0,000668931	0,023885497	No
ZFAND3	60685	6	-0,038262317	0,011245945	-3,402321187	0,000668161	0,023885497	No
	651007		-0,021993703	0,006467098	-3,400861348	0,000671739	0,02395169	No
RARRES3	5920	11	-0,05486205	0,016151254	-3,396767234	0,000681869	0,02427842	Yes
EIF3F	8665	11	0,038728287	0,011404312	3,395933552	0,00068395	0,024291036	No
PTCRA	171558	6	-0,029179962	0,008592831	-3,395849717	0,000684159	0,024291036	No
DDIAS	220042	11	-0,039759245	0,011711031	-3,395025081	0,000686223	0,024329906	No
EMC3	55831	3	-0,6048513	0,17819276	-3,394365181	0,000687879	0,024354215	No
IGFBP7	3490	4	-0,05235644	0,01543688	-3,391646427	0,00069474	0,024509056	Yes
TACR2	6865	10	0,023283034	0,00686517	3,391472432	0,000695182	0,024509056	No
GOLGA7B	401647	10	0,025520227	0,007524201	3,391752383	0,000694472	0,024509056	No
ACAP1	9744	17	0,054624657	0,016111411	3,390432857	0,000697823	0,024567692	Yes
	648470		-0,053710388	0,01584545	-3,38964105	0,000699842	0,024604247	No
SAE1	10055	19	0,035249105	0,010409785	3,386150999	0,000708804	0,02481505	No
FAM198B	51313	4	0,020078787	0,005929159	3,386447994	0,000708037	0,02481505	No
	646156		0,022938497	0,006773001	3,38675546	0,000707244	0,02481505	No
AARSD1	80755	17	0,037680868	0,011130917	3,385243924	0,00071115	0,024862527	No
WDR11-AS1	283089	10	-0,044587241	0,013174333	-3,384402172	0,000713334	0,024904198	No
PGRMC1	10857	X	-0,061488098	0,018184229	-3,381397096	0,000721182	0,025143223	Yes
TMEM243	79161	7	0,048255807	0,014288704	3,377199726	0,000732279	0,02549467	No
MORC2-AS1	150291	22	0,045144879	0,013370859	3,376363347	0,000734508	0,025536887	No
FGL2	10875	7	-0,052014193	0,015410893	-3,375157681	0,000737734	0,025613556	Yes
SLC1A5	6510	19	-0,056742422	0,016815889	-3,374333787	0,000739946	0,025619477	Yes
MCOLN2	255231	1	0,064025755	0,018973582	3,374468445	0,000739584	0,025619477	Yes
SLC6A10P	386757	16	-0,076462519	0,022669194	-3,372970368	0,00074362	0,025696924	No
RPL15P3	653232	6	0,037220202	0,011035583	3,372744382	0,00074423	0,025696924	No
DCANP1	140947	5	0,032423231	0,009622901	3,369382191	0,000753369	0,025976739	No
RPL13P12	388344	17	0,074242876	0,022037061	3,369000807	0,000754412	0,025977026	No
FOXC1	2296	6	-0,033643059	0,009991793	-3,36706928	0,000759716	0,026088086	No
MAP7	9053	6	-0,03031368	0,009002089	-3,367404942	0,000758792	0,026088086	No
BCL2L1	598	20	-0,073884322	0,021949045	-3,366174731	0,000762184	0,026137084	No
MRPS2	51116	9	0,035961676	0,010686451	3,36516552	0,000764978	0,026161398	No
SIGLEC17P	284367	19	-0,03696444	0,010983282	-3,36551872	0,000763999	0,026161398	No
EIF3L	51386	22	0,044471357	0,013217032	3,364700726	0,000766267	0,026169851	Yes
C8orf37	157657	8	-0,020711952	0,006160199	-3,362221094	0,000773182	0,026370125	No
GTPBP4	23560	10	0,039467133	0,01174228	3,361113354	0,00077629	0,026440192	No
SNHG5	387066	6	0,07924249	0,023599843	3,357755008	0,000785782	0,026727244	No
EPDR1	54749	7	-0,038677133	0,01152171	-3,356891823	0,000788239	0,026774543	No
EPB41	2035	1	-0,022343647	0,006661189	-3,354303352	0,000795651	0,026989767	No
LPCAT1	79888	5	-0,047908317	0,014285465	-3,353640722	0,000797558	0,027017966	Yes
WDR6	11180	3	0,047167	0,014071877	3,351862639	0,000802698	0,027155437	Yes
TMEM14B	81853	6	0,057721982	0,017237033	3,348719158	0,00081186	0,027245081	Yes
FECH	2235	18	-0,044352042	0,013243842	-3,348880411	0,000811388	0,027245081	No
PPP2R2B	5521	5	-0,012105684	0,003614495	-3,3492044	0,00081044	0,027245081	No
ATP5J2	9551	7	0,030062129	0,008973685	3,350031569	0,000808024	0,027245081	No
RPP21	79897	6	0,04473156	0,013355811	3,349220749	0,000810392	0,027245081	No
RPS2P20	645018	4	0,057951537	0,017297543	3,350275678	0,000807312	0,027245081	No
TNFRSF21	27242	6	0,05036435	0,015056798	3,344957584	0,000822952	0,027580414	No
C9orf78	51759	9	-0,066331305	0,019837331	-3,343761663	0,000826507	0,027625807	Yes
DCAF5	8816	14	-0,031785738	0,009504953	-3,34412373	0,000825429	0,027625807	No
CD3E	916	11	0,062441396	0,018677545	3,343126547	0,000828401	0,027652294	Yes
SLC9A2	6549	2	-0,027631784	0,008270309	-3,341082492	0,000834524	0,027819691	No
RABEP1	9135	17	-0,052767839	0,015800129	-3,33970929	0,000838661	0,027891828	Yes
PAK1	5058	11	-0,042940458	0,012857861	-3,339626791	0,00083891	0,027891828	No
ADD1	118	4	-0,026347656	0,007894625	-3,33741692	0,00084561	0,028077383	Yes
TMEM116	89894	12	0,037603381	0,011278659	3,334029548	0,000855976	0,028346571	Yes
TUBG2	27175	17	0,03305819	0,009914902	3,334192463	0,000855474	0,028346571	No
PGS1	9489	17	0,052212418	0,015678271	3,330240813	0,000867709	0,028659516	Yes
ABLIM1	3983	10	0,016436524	0,004935352	3,330364772	0,000867323	0,028659516	No
CCNI	10983	4	-0,039762982	0,011944127	-3,329082416	0,000871326	0,028665832	Yes
LHFPL2	10184	5	-0,043469412	0,013057092	-3,329180042	0,000871021	0,028665832	Yes
RPS28P4	645899	2	0,029664293	0,008909458	3,329528487	0,000869932	0,028665832	No
NCR1	9437	19	-0,028853002	0,008669366	-3,328155765	0,00087423	0,02872371	Yes
APP	351	21	-0,01924795	0,005787282	-3,32590495	0,00088132	0,028918809	No
NDUFAF2	91942	5	0,040116753	0,012064418	3,325212519	0,000883512	0,028952883	No
ADORA2B	136	17	0,030467312	0,009163653	3,32479991	0,00088482	0,028957959	No
MIS18BP1	55320	14	-0,045129191	0,013583655	-3,322315747	0,000892736	0,029178986	No
IGF2BP3	10643	7	-0,040591616	0,012226739	-3,319905199	0,00090048	0,029393829	Yes
SSR4	6748	X	0,045599469	0,013748064	3,316792153	0,000910573	0,029684689	Yes
MCEMP1	199675	19	0,075879271	0,022884926	3,315687802	0,000914179	0,029763579	No
ZWINT	11130	10	0,013766137	0,004153022	3,314727536	0,000917325	0,029827318	No
F13A1	2162	6	-0,084681322	0,025552664	-3,313991913	0,000919742	0,029828625	Yes
ESRRA	2101	11	-0,035612893	0,010745422	-3,314238754	0,00091893	0,029828625	No
DPM2	8818	9	-0,037196497	0,011227401	-3,313010394	0,000922975	0,029894879	Yes
DUSP10	11221	1	-0,012667481	0,003824944	-3,311808525	0,00092695	0,02998491	No
NDFIP2	54602	13	-0,033770277	0,0102003	-3,310714252	0,000930582	0,030063661	No
RPLP2P3	643949	11	0,067429765	0,020370757	3,310125665	0,000932541	0,03008823	No
RPL13AP7	284821	21	0,045303269	0,01369795	3,307302783	0,00094199	0,030354091	No
LOC642817	642817	6	0,055865041	0,016896855	3,306239077	0,000945574	0,030430501	No
RPL8	6132	8	0,028109585	0,008504233	3,3053639	0,000948532	0,030486607	No
RPL28	6158	19	0,038555533	0,011670568	3,303655222	0,000954331	0,030633788	Yes
PLD6	201164	17	0,031435455	0,009524472	3,300493062	0,000965151	0,030941533	No
TREML1	340205	6	-0,051665879	0,015657223	-3,299811207	0,000967499	0,030959478	Yes
CCDC176	80127	14	-0,03377269	0,010235344	-3,299614433	0,000968177	0,030959478	No
IFIT1B	439996	10	-0,099035728	0,030045316	-3,296211925	0,000979981	0,03129704	No
POLE4	56655	2	0,041542834	0,012609369	3,294600465	0,000985617	0,031437051	Yes
VAV3	10451	1	-0,020692264	0,006281888	-3,293956428	0,000987878	0,031469183	No
SLC25A39	51629	17	-0,062180066	0,01888659	-3,292286639	0,000993763	0,031616516	Yes
TRIM47	91107	17	0,026133679	0,007940216	3,291305832	0,000997234	0,031686805	Yes
MGLL	11343	3	-0,018181275	0,005526678	-3,289729559	0,001002837	0,03182455	No
TOM1L1	10040	17	0,022362794	0,006799428	3,288922821	0,001005716	0,031875609	No
CD300A	11314	17	-0,043838166	0,013330824	-3,288481311	0,001007295	0,031885387	No
PPBP	5473	4	-0,093169966	0,028342828	-3,287250138	0,001011709	0,031904429	Yes
SELP	6403	1	-0,029840454	0,009076876	-3,287524634	0,001010723	0,031904429	Yes
MAPRE2	10982	18	-0,033932768	0,010320465	-3,287910911	0,001009338	0,031904429	Yes
PHACTR2	9749	6	-0,047094807	0,014336401	-3,284981009	0,001019892	0,032122134	No
TNS1	7145	2	-0,09499085	0,028925359	-3,283998973	0,001023453	0,032153587	Yes
MLC1	23209	22	-0,012839302	0,003909331	-3,28427069	0,001022467	0,032153587	No
TSPAN5	10098	4	-0,091239888	0,027802126	-3,281759361	0,001031616	0,032231799	Yes
PBX3	5090	9	-0,034764762	0,0105935	-3,281706869	0,001031808	0,032231799	Yes
	1231		0,010295474	0,003136542	3,28242791	0,001029173	0,032231799	No
ZNF33B	7582	10	0,032573448	0,009922539	3,282773563	0,001027912	0,032231799	No
	642341		0,024751949	0,007542749	3,281555347	0,001032363	0,032231799	No
KCNMB1	3779	5	-0,039223661	0,01195465	-3,281037926	0,001034258	0,032232053	Yes
	642536		0,02081561	0,006344574	3,280852408	0,001034939	0,032232053	No
SLC1A7	6512	1	-0,037855225	0,011541263	-3,279989689	0,001038109	0,032290715	Yes
RRAS	6237	19	-0,048106715	0,014673286	-3,27852357	0,001043516	0,032418751	No
SPRED1	161742	15	-0,042971076	0,013111103	-3,277456868	0,001047467	0,032461142	Yes
RIPK2	8767	8	-0,035296089	0,010768559	-3,277698367	0,001046572	0,032461142	No
CBLN1	869	16	-0,024398472	0,007452704	-3,273774329	0,001061213	0,032846579	No
TMEM63A	9725	1	0,051724406	0,01580139	3,273408557	0,001062588	0,032848615	No
PIM2	11040	X	0,043175785	0,013201433	3,270537665	0,001073432	0,033066689	Yes
LYN	4067	8	-0,047901671	0,01464737	-3,270325744	0,001074237	0,033066689	Yes
ACACB	32	12	0,041060228	0,012558735	3,269455808	0,001077546	0,033066689	No
PSMG3	84262	7	0,029421383	0,008997154	3,270076762	0,001075183	0,033066689	No
SLC27A1	376497	19	0,046334827	0,014171652	3,269543036	0,001077213	0,033066689	No
	646529		-0,018954722	0,005795779	-3,270435646	0,00107382	0,033066689	No
ATP1A1	476	1	0,024872903	0,007608754	3,268984907	0,001079341	0,033081328	No
LILRB3	11025	19	-0,030452653	0,009323803	-3,266119195	0,001090323	0,033377194	Yes
FAM210B	116151	20	-0,108385643	0,033216041	-3,263051244	0,001102196	0,033699538	No
ALDH5A1	7915	6	-0,040731555	0,01248445	-3,262583	0,001104018	0,033707273	Yes
PLVAP	83483	19	-0,048499571	0,014866696	-3,262296602	0,001105134	0,033707273	Yes
ABCF2	10061	7	0,01797579	0,005511429	3,261548213	0,001108056	0,033755362	No
ZAK	51776	2	0,015790547	0,004841968	3,261183917	0,001109481	0,033757794	No
PRPS1	5631	X	0,033745808	0,010349199	3,260716916	0,001111309	0,033772501	Yes
PARP3	10039	3	0,018450743	0,005660977	3,259285872	0,001116931	0,033872785	No
MTPN	136319	7	-0,041597472	0,012763132	-3,259190024	0,001117308	0,033872785	No
	652775		0,058898437	0,018079123	3,257814996	0,001122736	0,033996276	No
SIPA1	6494	11	-0,036275218	0,011139291	-3,256510502	0,001127908	0,03411173	No
LIMS1	3987	2	-0,016616167	0,005104996	-3,254883657	0,001134388	0,034266443	No
LOC400043	400043	12	0,034453861	0,010586438	3,25452813	0,001135809	0,034268125	No
DDX50	79009	10	0,041080338	0,012629651	3,252689827	0,001143182	0,034449168	No
TMEM158	25907	3	-0,119487073	0,036765217	-3,250003199	0,001154037	0,03473458	No
	729985		0,043640072	0,01343053	3,24931877	0,001156818	0,034776571	No
EFNA3	1944	1	0,021974437	0,006764292	3,248593922	0,001159769	0,034823594	Yes
CD47	961	3	-0,032085068	0,009879037	-3,247793255	0,001163037	0,034880007	No
MBNL3	55796	X	-0,027652855	0,008521219	-3,245175793	0,001173781	0,035160215	No
DCAF12	25853	9	-0,107884352	0,03324981	-3,244660719	0,001175906	0,035181886	No
EPB42	2038	15	-0,109390216	0,033721477	-3,243933146	0,001178914	0,035229884	Yes
COASY	80347	17	0,027337357	0,008433974	3,241337436	0,001189703	0,035510008	No
H1FX	8971	3	0,048706638	0,015030043	3,240618667	0,001192706	0,035557376	No
EIF4B	1975	12	0,043550211	0,013464454	3,234457918	0,001218739	0,036247371	No
HEMGN	55363	9	-0,020894755	0,006459783	-3,234590794	0,001218172	0,036247371	No
ADGB	79747	6	-0,019262156	0,005963537	-3,229988428	0,001237952	0,036775241	No
KBTBD8	84541	3	-0,037362553	0,011575029	-3,227858259	0,001247208	0,037006388	No
TPM1	7168	15	-0,016941353	0,005249569	-3,227189235	0,001250128	0,037047396	Yes
C12orf57	113246	12	0,057140179	0,01770764	3,226865814	0,001251541	0,037047396	Yes
LRP3	4037	19	0,050370149	0,015611457	3,226486173	0,001253203	0,037052884	No
ACBD6	84320	1	0,034820131	0,010799704	3,224174717	0,001263363	0,037309337	No
ARL2	402	11	0,053635691	0,016640493	3,223203269	0,001267656	0,03737176	No
CD163	9332	12	0,027411075	0,008504772	3,22302286	0,001268454	0,03737176	No
KIF11	3832	10	0,020474316	0,006355949	3,221283912	0,001276177	0,037555199	No
CCND1	595	11	-0,029209174	0,009070225	-3,220336273	0,001280403	0,037635454	No
NME3	4832	16	0,039818256	0,012374368	3,217801122	0,001291774	0,037925262	No
SMIM19	114926	8	0,039768258	0,0123626	3,216819897	0,001296199	0,038010745	No
MAX	4149	14	-0,016181948	0,005035881	-3,213330252	0,001312053	0,038386462	No
BAZ1A	11177	14	-0,031443299	0,009785279	-3,213326565	0,00131207	0,038386462	No
PTPN12	5782	7	-0,040500045	0,012605502	-3,212886439	0,001314082	0,038400577	No
NDUFS8	4728	11	0,043994978	0,013699543	3,21141938	0,00132081	0,038552301	Yes
	652875		0,023008669	0,007171319	3,208429143	0,001334622	0,038910196	No
CCDC25	55246	8	0,026763043	0,008345359	3,206937421	0,001341562	0,03906715	No
ZNF274	10782	19	0,018024811	0,005624681	3,20459256	0,001352538	0,039341144	No
ZNF446	55663	19	0,032831215	0,010251836	3,202471743	0,001362537	0,039586106	No
RPL15	6138	3	0,046010483	0,014378971	3,199845256	0,001375014	0,039902427	Yes
PLEKHB1	58473	11	0,038088926	0,01191176	3,19759026	0,00138581	0,040169297	Yes
RPL27	6155	17	0,049910376	0,015621256	3,195029687	0,001398165	0,040434018	No
VIPR1	7433	3	0,050461626	0,015793017	3,195186015	0,001397407	0,040434018	No
	648271		-0,01891232	0,005922804	-3,193136196	0,001407366	0,040653267	No
GORASP1	64689	3	0,034434256	0,010787268	3,192120103	0,001412326	0,040749662	Yes
NAT8B	51471	2	-0,068889872	0,021601275	-3,189157627	0,00142688	0,040934348	Yes
WIPI1	55062	17	-0,037120053	0,011637052	-3,189815855	0,001423635	0,040934348	Yes
RPS10	6204	6	0,041675585	0,013067698	3,189206437	0,00142664	0,040934348	No
	644008		0,020575131	0,006450577	3,189657557	0,001424415	0,040934348	No
	652713		-0,020760874	0,006508031	-3,190039517	0,001422533	0,040934348	No
EIF3G	8666	19	0,042541308	0,013344659	3,187890227	0,001433149	0,041067254	Yes
	641742		-0,026638898	0,008362666	-3,185455111	0,001445265	0,041367215	No
SESN1	27244	6	-0,047023413	0,01476534	-3,1847158	0,001448962	0,041378671	Yes
MIR4697HG	283174	11	0,03255839	0,010223259	3,184736869	0,001448857	0,041378671	No
	653182		0,0197594	0,006206168	3,183832745	0,00145339	0,041457939	No
RPL32P17	402716	7	-0,022083496	0,006938066	-3,182946787	0,001457844	0,041537799	No
ABCC4	10257	13	-0,028771609	0,009045498	-3,180765445	0,001468865	0,041804365	No
HLA-DRA	3122	6	-0,039273656	0,012348572	-3,180420789	0,001470613	0,041806724	No
MORC2	22880	22	0,041647415	0,013098559	3,179541851	0,001475081	0,041886284	Yes
OR2W3	343171	1	-0,083842933	0,026381557	-3,178088877	0,001482493	0,042049197	No
POLR2H	5437	3	0,041882403	0,013188095	3,175773599	0,001494375	0,042338384	Yes
CHAD	1101	17	0,020590577	0,006487515	3,17387737	0,001504172	0,042567906	No
DCAF6	55827	1	-0,023772834	0,007495415	-3,171650333	0,001515754	0,042847359	No
	649923		0,085671877	0,027018404	3,170871162	0,001519825	0,042914124	No
	642293		0,019430797	0,006130851	3,16934759	0,001527816	0,043091267	No
RPL31P17	653773	2	0,086024446	0,027146138	3,168938655	0,001529967	0,04310351	No
RPSAP58	388524	19	0,02476945	0,007822567	3,166409645	0,001543333	0,043431324	No
HOXB6	3216	17	0,015060801	0,004757805	3,165493265	0,001548202	0,043519572	No
EIF4EBP2	1979	10	-0,035647685	0,011266652	-3,163999756	0,001556169	0,043694587	Yes
STX2	2054	12	0,018787996	0,005941226	3,162309451	0,001565231	0,043874323	No
MSX2P1	55545	17	0,030270999	0,009573236	3,162044532	0,001566656	0,043874323	No
RAB3IP	117177	12	0,026887476	0,008504645	3,161504886	0,001569562	0,043874323	No
	647361		0,045457611	0,014377599	3,161696873	0,001568528	0,043874323	No
FLJ32255	643977	5	-0,029629962	0,009381769	-3,158249044	0,001587199	0,044317986	No
WBP2	23558	17	-0,046438474	0,014707162	-3,157541421	0,001591056	0,044376328	Yes
TFPI	7035	2	-0,012717264	0,004028428	-3,156880448	0,001594667	0,044427674	Yes
NDUFA5	4698	7	0,020497423	0,006494234	3,156249442	0,001598121	0,044474545	Yes
	652545		0,035443155	0,011231214	3,155772318	0,001600738	0,044498024	No
GSK3B	2932	Y	-0,041666811	0,013210224	-3,154133497	0,001609754	0,044699173	Yes
NOA1	84273	4	0,032637858	0,010356402	3,151466954	0,001624525	0,045059489	No
TRIM74	378108	7	0,020297785	0,006442175	3,150765669	0,001628431	0,045117959	No
CD93	22918	20	0,058133429	0,018453126	3,150329516	0,001630864	0,045135557	No
AK5	26289	1	-0,013731764	0,004360581	-3,149067657	0,001637923	0,045280986	No
KIT	3815	4	0,022022531	0,006996364	3,147710753	0,001645544	0,045372585	No
UQCRH	7388	1	0,038370906	0,012190865	3,14751286	0,001646659	0,045372585	No
AASDHPPT	60496	11	-0,027707614	0,00880259	-3,14766617	0,001645795	0,045372585	No
VPS33B	26276	15	0,029970434	0,009525375	3,146378281	0,001653061	0,045499041	Yes
ENO1	2023	1	0,040352517	0,012831212	3,144871741	0,001661597	0,04564935	Yes
RPL29P12	283412	5	0,060871786	0,019356497	3,144772798	0,001662159	0,04564935	No
MRPS24	64951	7	0,038860532	0,01236146	3,143684691	0,001668351	0,04576934	Yes
PHLDB2	90102	3	-0,016226774	0,005167905	-3,139913146	0,001689979	0,046312075	No
RNF149	284996	2	-0,034355574	0,010946696	-3,138442453	0,001698483	0,046494347	No
THOC6	79228	16	0,035241362	0,011236769	3,136254123	0,001711209	0,046791675	No
EIF4G3	8672	1	-0,036714111	0,011709245	-3,135480568	0,001715728	0,046864203	Yes
TNFSF12	8742	17	0,018943988	0,006044425	3,13412592	0,001723669	0,047029926	No
EIF3K	27335	19	0,043238357	0,013802574	3,132629978	0,001732477	0,047218933	Yes
CRKL	1399	22	-0,031148876	0,009949983	-3,130545634	0,001744819	0,047444646	Yes
UQCRFS1	7386	19	0,032329998	0,010328166	3,130274766	0,001746429	0,047444646	No
	644039		0,048754261	0,015574511	3,130387828	0,001745757	0,047444646	No
	651809		-0,019207792	0,00613695	-3,12985987	0,001748897	0,04746034	No
METRNL	284207	17	-0,016282657	0,00520388	-3,128945237	0,00175435	0,047533926	No
RPL27AP6	389435	6	0,034099235	0,010898607	3,128770097	0,001755396	0,047533926	No
KAT2A	2648	17	0,038292568	0,012243382	3,127613653	0,001762317	0,047669907	No
SFXN1	94081	5	0,037982629	0,012150148	3,126104252	0,001771387	0,047858123	Yes
LZTR1	8216	22	0,039533335	0,012648419	3,125555422	0,001774696	0,047858123	No
ZNF514	84874	2	0,019714176	0,006307626	3,125451149	0,001775326	0,047858123	No
ZNF773	374928	19	0,033365751	0,01067639	3,125190236	0,001776901	0,047858123	No
PF4V1	5197	4	-0,099266516	0,031790474	-3,122523889	0,001793076	0,048140193	Yes
SIT1	27240	9	0,033510356	0,010730794	3,122821607	0,001791263	0,048140193	Yes
LGR6	59352	1	-0,012568177	0,004025423	-3,122200728	0,001795045	0,048140193	No
C4orf48	401115	4	0,041473265	0,013283318	3,122206833	0,001795008	0,048140193	No
ZNF358	140467	19	0,042616421	0,013655269	3,120877479	0,00180313	0,04830542	No
CKB	1152	14	-0,027389446	0,008780348	-3,119403239	0,001812178	0,048496039	Yes
MRPL20	55052	1	0,030809922	0,009878021	3,119037906	0,001814426	0,0485045	No
PDE3B	5140	11	0,04150645	0,013320884	3,115893138	0,001833887	0,048943075	Yes
P2RY10	27334	X	0,031591974	0,01013942	3,115757372	0,001834732	0,048943075	No
CLEC4F	165530	2	-0,030008672	0,009633225	-3,115122166	0,001838687	0,04899653	Yes
PTPRC	5788	1	-0,016225394	0,005216355	-3,110484624	0,001867806	0,049719694	No
RPSAP47	389672	8	0,047951518	0,015421314	3,109431295	0,001874479	0,049844455	No
F2R	2149	5	-0,025547526	0,008220159	-3,10791133	0,001884146	0,050010859	No
IGBP1	3476	X	0,044664301	0,014371581	3,107821095	0,001884721	0,050010859	No
PDHA1	5160	X	0,040953181	0,013181197	3,106939533	0,001890351	0,05005441	No
HIST1H4J	8363	6	-0,020639209	0,00664281	-3,106999603	0,001889967	0,05005441	No
RPL15P11	402694	7	0,051863806	0,01669954	3,105702762	0,001898274	0,0501584	No
	645508		-0,02258402	0,007271442	-3,105851479	0,00189732	0,0501584	No
LY86	9450	6	0,050181167	0,016162878	3,104717223	0,00190461	0,050272896	No
	644979		0,021713008	0,006997814	3,102827457	0,001916814	0,050541864	No
	652882		-0,018433243	0,005945437	-3,100401587	0,001932584	0,050904228	No
	645464		-0,022637919	0,00730276	-3,09991275	0,001935777	0,050934867	No
CHI3L2	1117	1	-0,01830646	0,005908726	-3,098207597	0,00194695	0,051175222	No
AKR1C4	1109	10	-0,017865512	0,005771828	-3,095295142	0,001966171	0,051626396	No
MAP3K8	1326	10	-0,044059072	0,014245902	-3,092754031	0,001983084	0,051800796	No
ZNF473	25888	19	-0,01489274	0,004814999	-3,092989096	0,001981514	0,051800796	No
SAC3D1	29901	11	0,042932435	0,013881651	3,092746973	0,001983131	0,051800796	No
HNRNPA1P7	388275	18	0,046181183	0,014932054	3,092754908	0,001983078	0,051800796	No
UBE2HP1	646463	8	-0,054835606	0,017724671	-3,093744661	0,001976475	0,051800796	No
SH2D3C	10044	9	-0,01955409	0,006324287	-3,091904094	0,001988771	0,051894103	No
NT5E	4907	6	0,032028706	0,010371632	3,088106556	0,002014362	0,052484461	Yes
RPL38	6169	17	0,02044292	0,006620272	3,087927368	0,002015577	0,052484461	No
BTN3A2	11118	6	-0,050446537	0,016338511	-3,087584774	0,002017902	0,052490547	No
TUBA1A	7846	12	-0,031081756	0,010071853	-3,086001644	0,002028677	0,052716201	Yes
CST7	8530	20	-0,076097375	0,024710023	-3,079615741	0,002072678	0,053803896	Yes
FBXO6	26270	1	-0,051737997	0,016815114	-3,076874641	0,002091833	0,05418904	No
	642062		-0,021605278	0,007021656	-3,07694907	0,00209131	0,05418904	No
IRF8	3394	16	0,046142457	0,015008772	3,074365889	0,002109505	0,054590521	No
GXYLT1	283464	12	-0,031180275	0,010143267	-3,073987526	0,002112183	0,05460351	No
LOC389641	389641	8	0,039208209	0,012757228	3,07341132	0,002116266	0,054652781	No
PPAPDC2	403313	9	0,034309347	0,011166175	3,072614186	0,002121926	0,054742646	Yes
RASSF1	11186	3	-0,014930898	0,00486342	-3,070040835	0,002140295	0,055159842	No
OCEL1	79629	19	0,036292697	0,011825442	3,069035015	0,002147514	0,05528913	No
TXN	7295	9	0,039082393	0,012739309	3,067858224	0,002155989	0,055337046	No
SGK223	157285	8	0,05103507	0,016634151	3,068089861	0,002154318	0,055337046	No
FAM25A	643161	10	-0,021924483	0,007146286	-3,0679551	0,00215529	0,055337046	No
ZBTB16	7704	11	-0,019961891	0,006513871	-3,064520539	0,002180192	0,055846588	No
HDAC7	51564	12	-0,016991383	0,005544573	-3,064507005	0,002180291	0,055846588	No
PI3	5266	20	0,12273925	0,040078374	3,062480763	0,002195106	0,056111555	Yes
SIAH2	6478	3	-0,073231686	0,023912416	-3,062496268	0,002194992	0,056111555	Yes
PUS3	83480	11	0,023668576	0,007731567	3,061290976	0,002203848	0,056225437	No
IAH1	285148	2	0,040030791	0,013077852	3,060960691	0,002206281	0,056225437	No
	647519		0,018738601	0,006121604	3,061060682	0,002205544	0,056225437	No
FAM172A	83989	5	-0,033647032	0,011000381	-3,058715202	0,002222884	0,0565911	No
SUCNR1	56670	3	-0,023829062	0,00779727	-3,056077737	0,002242531	0,05678673	Yes
LAG3	3902	12	-0,058387137	0,019103292	-3,056391434	0,002240186	0,05678673	No
RPL34	6164	4	0,028062403	0,009181258	3,056487805	0,002239466	0,05678673	No
TPPP3	51673	16	-0,016166868	0,005289307	-3,056518769	0,002239235	0,05678673	No
MMS19	64210	10	0,030726136	0,010053188	3,056357501	0,002240439	0,05678673	No
H19	283120	11	-0,038470029	0,012588927	-3,05586251	0,002244141	0,05678673	No
TACO1	51204	17	0,03318476	0,010874261	3,051679634	0,002275648	0,057526008	Yes
HINT2	84681	9	0,037316381	0,012229598	3,051317174	0,002278398	0,057537561	No
SH3YL1	26751	2	0,045414178	0,014888561	3,050273237	0,002286333	0,05767992	Yes
	642250		0,026145513	0,00857258	3,04990018	0,002289174	0,057693629	No
INF2	64423	14	0,013249161	0,004347271	3,047696436	0,002306028	0,058060083	Yes
SLC24A4	123041	14	-0,017176388	0,005637458	-3,046832081	0,002312669	0,058168946	No
RPL5	6125	1	0,04705698	0,015454636	3,044845549	0,002327998	0,058495909	No
ST7	7982	7	-0,016017095	0,005260985	-3,044504725	0,002330638	0,058503667	No
MRPS23	51649	17	0,033367635	0,01096299	3,043661891	0,002337177	0,058609196	No
DUSP2	1844	2	-0,040211857	0,013214021	-3,043120308	0,002341387	0,058656185	No
SRBD1	55133	2	-0,037434594	0,012306261	-3,041914553	0,002350786	0,058832935	No
POU2AF1	5450	11	0,046289149	0,015227012	3,039936495	0,00236628	0,059161723	Yes
RPL23	9349	17	0,077560267	0,025518462	3,039378576	0,002370667	0,059212432	No
RPL23AP21	728481	1	0,056045254	0,018442157	3,038975018	0,002373845	0,05923287	No
SLCO4C1	353189	5	-0,034659238	0,011410359	-3,037523754	0,002385306	0,059459734	No
TPI1	7167	12	0,027462683	0,009048071	3,03519763	0,002403781	0,059843364	No
	642118		0,019924875	0,006565062	3,034986582	0,002405464	0,059843364	No
FAU	2197	11	0,048899979	0,016114147	3,03459926	0,002408555	0,059860934	No
RANBP10	57610	16	-0,050851484	0,016777047	-3,031015134	0,00243733	0,060243536	Yes
FAHD1	81889	16	-0,013693385	0,004516196	-3,032061382	0,002428898	0,060243536	Yes
WDR59	79726	16	0,032389542	0,010684043	3,031581149	0,002432765	0,060243536	Yes
COBL	23242	7	0,020780367	0,006854157	3,03179022	0,002431081	0,060243536	No
	401845		0,043852322	0,014468469	3,030888983	0,002438349	0,060243536	No
	643938		0,016106895	0,005314181	3,030926853	0,002438043	0,060243536	No
N6AMT1	29104	21	0,019089245	0,006300374	3,029859022	0,002446679	0,060389912	No
HNRNPA1P63	645436	1	0,046290953	0,015286344	3,028255449	0,002459701	0,060651677	No
SH2B3	10019	12	-0,039676861	0,013110906	-3,026248603	0,002476086	0,060995798	Yes
RPL39	6170	X	0,061641227	0,020373488	3,025560758	0,002481725	0,061014956	No
	645138		0,069965063	0,023123911	3,025658685	0,002480922	0,061014956	No
SESTD1	91404	2	-0,038840843	0,01284076	-3,024808791	0,002487904	0,061107002	Yes
LOC149373	149373	1	-0,031974003	0,010572869	-3,024155687	0,002493281	0,061179217	No
C1QBP	708	17	0,035225813	0,011653677	3,022720938	0,002505131	0,061350057	No
COL6A1	1291	21	0,020727009	0,006856685	3,022890635	0,002503727	0,061350057	No
TSPAN32	10077	11	-0,025669623	0,008493975	-3,022097739	0,002510295	0,061356787	Yes
ITGB7	3695	12	0,04832165	0,01598869	3,022239482	0,00250912	0,061356787	No
ITGAE	3682	17	0,043305058	0,01433655	3,020605153	0,002522701	0,061600038	No
HEXB	3074	5	0,035972276	0,011919332	3,017977569	0,002544677	0,06207628	Yes
PTGS1	5742	9	-0,026652521	0,008834386	-3,016907057	0,002553681	0,062235437	Yes
LOC285074	285074	2	-0,028488635	0,009445538	-3,016094443	0,002560535	0,062341947	No
CAP1	10487	1	-0,033539664	0,011122254	-3,01554561	0,002565174	0,062394367	No
GBP2	2634	1	-0,051148735	0,016986214	-3,011191044	0,002602251	0,063202063	No
PRKCB	5579	16	-0,024542134	0,008152264	-3,010468385	0,002608451	0,063202063	No
FAHD2B	151313	2	0,035058125	0,011644655	3,010662297	0,002606786	0,063202063	No
	388565		-0,028914303	0,009604034	-3,010641574	0,002606964	0,063202063	No
CSNK2A2	1459	16	0,033977714	0,011290907	3,009298985	0,002618513	0,063384678	No
SLMAP	7871	3	-0,035518783	0,011809323	-3,007689985	0,002632415	0,063659815	No
RAC2	5880	22	-0,039710509	0,013215786	-3,004778499	0,002657743	0,064210462	Yes
CLIC5	53405	6	0,027684634	0,009215641	3,004092229	0,002663746	0,064293599	Yes
RNF141	50862	11	-0,037150678	0,012371267	-3,002980774	0,002673493	0,064466884	No
FOS	2353	14	-0,057692685	0,019215887	-3,002343071	0,002679101	0,06449045	Yes
	646769		0,027502284	0,00916045	3,002285343	0,002679609	0,06449045	No
MKRN3	7681	15	0,020795354	0,00693039	3,000603635	0,00269445	0,064785532	No
NDUFS4	4724	5	0,039958814	0,013321252	2,999629071	0,002703086	0,064930964	No
SLC22A23	63027	6	0,026670587	0,008895981	2,998049218	0,002717138	0,065206114	No
URB2	9816	1	0,024121935	0,008050156	2,996455788	0,002731378	0,065485254	No
MRPL23	6150	11	0,041792951	0,013952015	2,99547789	0,002740152	0,065632907	No
LIMK1	3984	7	-0,015653917	0,005227581	-2,994485699	0,002749079	0,065783977	No
WDR61	80349	15	0,033180235	0,011082292	2,993986879	0,002753578	0,065828868	No
SIGLEC10	89790	19	-0,059487631	0,019883455	-2,991815595	0,002773237	0,066172815	No
SPAG17	200162	1	0,018022212	0,006023789	2,991839934	0,002773016	0,066172815	No
PRMT1	3276	19	0,015901701	0,00531839	2,989946237	0,002790266	0,066402565	No
OXT	5020	20	0,022090416	0,007387767	2,990134382	0,002788547	0,066402565	No
TUBB2A	7280	6	-0,041036607	0,013725134	-2,98988754	0,002790802	0,066402565	No
ITGAX	3687	16	-0,021997661	0,007367935	-2,98559356	0,002830285	0,067108717	Yes
STX11	8676	6	-0,051352574	0,017199165	-2,985759704	0,002828748	0,067108717	Yes
SALL2	6297	14	0,023507747	0,007872003	2,986247341	0,002824241	0,067108717	No
SNRPA	6626	19	0,034640953	0,011604197	2,985208868	0,002833848	0,067108717	No
LOC286087	286087	8	-0,100936646	0,033811301	-2,985293165	0,002833067	0,067108717	No
NCBP2	22916	3	0,017380045	0,005823988	2,984217332	0,002843048	0,067263129	No
TSPO2	222642	6	-0,018929617	0,006345135	-2,983327589	0,002851326	0,067395473	No
	653934		-0,020271471	0,006796108	-2,982805973	0,00285619	0,067446925	No
STK38	11329	6	-0,035509646	0,011907763	-2,982058479	0,002863173	0,06754261	No
PDSS1	23590	10	0,020225091	0,006782854	2,981796569	0,002865623	0,06754261	No
KCNMB4	27345	12	-0,02375182	0,007966625	-2,981415397	0,002869193	0,067563307	No
BOLA2	552900	16	0,016825682	0,005647832	2,979139964	0,002890587	0,068003296	No
TNFRSF10A	8797	8	0,040362632	0,013554934	2,977707765	0,002904127	0,068130286	No
MRPS18B	28973	6	0,02405598	0,008077211	2,978253184	0,002898964	0,068130286	No
ALKBH7	84266	19	0,03950331	0,013265249	2,977954561	0,00290179	0,068130286	No
PABPC4	8761	1	0,041143391	0,01381868	2,977374953	0,002907282	0,068140613	No
CD248	57124	11	0,048317742	0,016231644	2,976762002	0,002913101	0,068213293	No
POLR2F	5435	22	0,039830135	0,013385266	2,975669951	0,002923493	0,068329166	No
	646162		0,020322689	0,006829616	2,97567081	0,002923485	0,068329166	No
FAM60A	58516	12	0,174995092	0,058814717	2,975362316	0,002926427	0,068334109	No
HIGD2A	192286	5	0,043648839	0,01467185	2,975005835	0,00292983	0,068349987	No
LOC388692	388692	1	-0,039144828	0,013167347	-2,972871313	0,002950281	0,068763192	No
LOC100131541	100131541	11	0,231307121	0,077839156	2,971603664	0,002962488	0,068983659	No
MEX3C	51320	18	-0,04603941	0,015496548	-2,97094625	0,002968837	0,069067429	No
SSX9	280660	X	-0,014433151	0,004863083	-2,967901327	0,002998406	0,069690722	No
CD4	920	12	0,044353529	0,014955916	2,965617677	0,003020758	0,070117633	No
PRIM1	5557	12	0,021857567	0,007370731	2,965454556	0,00302236	0,070117633	No
CAPN5	726	11	-0,029480301	0,009948458	-2,963303545	0,003043563	0,07046538	No
GOLIM4	27333	3	-0,019263547	0,006501189	-2,963080327	0,003045771	0,07046538	No
RPS26P10	401470	8	0,077120486	0,026025175	2,963303219	0,003043566	0,07046538	No
LST1	7940	6	-0,016944688	0,005720616	-2,962038998	0,003056091	0,070574047	No
NIPSNAP3B	55335	9	0,027064724	0,009136822	2,962159535	0,003054895	0,070574047	No
SH3RF1	57630	4	-0,020467875	0,006914122	-2,960299888	0,003073397	0,070876423	No
HIST1H2BK	85236	6	-0,035503922	0,011993936	-2,960156134	0,003074832	0,070876423	No
SEC61A2	55176	10	0,025783508	0,008716025	2,958172753	0,003094686	0,07126864	No
MPZL2	10205	11	0,012422072	0,004200244	2,957464431	0,003101805	0,071327951	No
R3HDM4	91300	19	-0,058526712	0,019790248	-2,957351186	0,003102945	0,071327951	No
NAA10	8260	X	0,039432836	0,013336709	2,956714231	0,003109361	0,071405645	No
ARL5A	26225	2	-0,018691619	0,006322316	-2,956451272	0,003112014	0,071405645	No
VPS41	27072	7	-0,015797315	0,005347442	-2,954181798	0,003134993	0,071867202	No
SERINC5	256987	5	0,026122351	0,008845976	2,953020672	0,003146809	0,07207226	No
FLJ45508	643721	12	0,017416356	0,005898948	2,952451367	0,003152617	0,07213947	No
TMPRSS9	360200	19	-0,065750408	0,022277694	-2,951400923	0,00316336	0,072319368	No
CCDC109B	55013	4	0,041624602	0,01411832	2,94826885	0,00319559	0,072989723	No
GSTP1	2950	11	0,042098584	0,014281876	2,947692928	0,003201549	0,07305935	No
TPM2	7169	9	0,017131453	0,005814155	2,946507687	0,003213844	0,073206824	No
NPC2	10577	14	-0,038884763	0,013196618	-2,946570388	0,003213193	0,073206824	No
SNTB1	6641	8	-0,035143987	0,011930088	-2,945827896	0,003220916	0,073301381	No
ERBB2	2064	17	-0,014806045	0,005030361	-2,943336639	0,003246951	0,073826968	No
NFKB1	4790	4	0,032740686	0,011127248	2,942388435	0,003256911	0,073986411	No
USP18	11274	22	0,27168912	0,09234777	2,942021448	0,003260773	0,074007174	No
RAB2B	84932	14	-0,069713135	0,023709844	-2,940261264	0,003279356	0,074361694	No
TTLL12	23170	22	0,036626652	0,012460952	2,939314122	0,003289395	0,074522018	No
PIGC	5279	1	0,020605406	0,007011758	2,938692999	0,003295994	0,07460418	No
NLGN2	57555	17	0,022903692	0,007796106	2,937837522	0,003305102	0,074742943	No
TXNDC11	51061	16	0,032059581	0,010917918	2,936418846	0,003320257	0,07501808	No
SFRP4	6424	7	-0,013071486	0,004452397	-2,935830939	0,003326556	0,075039751	No
AGPAT1	10554	6	-0,012537635	0,004270644	-2,935771344	0,003327195	0,075039751	No
PGAP2	27315	11	0,035843496	0,012223452	2,932354588	0,003364024	0,075802275	No
DAP3	7818	1	0,032110498	0,010965812	2,928237263	0,003408898	0,076675678	No
BAG4	9530	8	-0,020807	0,007106372	-2,927935652	0,003412207	0,076675678	No
RWDD2B	10069	21	0,031057699	0,010606577	2,928154768	0,003409803	0,076675678	No
SLC35A5	55032	3	-0,036147633	0,012346849	-2,927680921	0,003415003	0,076675678	No
NOMO1	23420	16	-0,019063526	0,006518025	-2,924739695	0,003447445	0,077334902	No
	649702		-0,023359871	0,007989003	-2,924003396	0,00345561	0,077448854	No
SYTL1	84958	1	-0,04692145	0,016048885	-2,923657959	0,003459447	0,077465679	No
BAI2	576	1	-0,02128195	0,007281298	-2,922823783	0,003468728	0,077565417	No
SFMBT2	57713	10	-0,026727541	0,009144804	-2,922702352	0,003470081	0,077565417	No
B3GALT5	10317	21	-0,011414919	0,003906503	-2,922030398	0,003477576	0,077663801	No
ERGIC3	51614	20	0,027464541	0,009400948	2,921465065	0,003483893	0,07766669	No
RAB11FIP1	80223	8	-0,017722617	0,006066086	-2,921590124	0,003482495	0,07766669	No
SUSD4	55061	1	0,015719002	0,005381712	2,920818236	0,003491134	0,077759056	No
UNC5C	8633	4	-0,020604829	0,007055402	-2,920433025	0,003495453	0,077786229	No
KRT1	3848	12	-0,138116023	0,047317717	-2,918907175	0,003512608	0,078029634	No
MORN5	254956	9	0,017678199	0,006056081	2,919082299	0,003510635	0,078029634	No
WNT16	51384	7	-0,014701426	0,005039584	-2,91719075	0,003531997	0,078390971	No
OSBP2	23762	22	-0,098517966	0,033779652	-2,91648847	0,003539958	0,078498257	No
PRKY	5616	Y	0,030861637	0,010592479	2,913542357	0,003573534	0,07917285	No
TMEM14A	28978	6	0,035435604	0,012164595	2,913011447	0,003579615	0,079237646	No
C11orf21	29125	11	-0,2554684	0,08771001	-2,912648169	0,003583781	0,079259982	No
ADCY7	113	16	-0,034271167	0,011769489	-2,911865381	0,003592774	0,079388928	No
GTF3A	2971	13	0,043634184	0,014989231	2,911035618	0,003602329	0,079530057	No
AGMAT	79814	1	0,032575916	0,011191565	2,910756111	0,003605553	0,079531283	No
ABCF3	55324	3	0,029190184	0,010032709	2,909501807	0,003620053	0,079781009	No
C5AR1	728	19	-0,052786212	0,018151216	-2,908136416	0,003635897	0,079860982	No
FARS2	10667	6	0,032103993	0,011039536	2,908092501	0,003636408	0,079860982	No
PLBD1	79887	12	0,045367377	0,015597602	2,908612378	0,003630367	0,079860982	No
	646038		0,025337109	0,008710938	2,908654537	0,003629877	0,079860982	No
KLC3	147700	19	-0,01464603	0,00503748	-2,90741183	0,003644331	0,079965024	No
CUEDC2	79004	10	0,030891376	0,010628726	2,906404355	0,003656087	0,080152911	No
FLJ42022	646748	15	-0,016966956	0,005838666	-2,905964595	0,003661229	0,080195605	No
RPL12P38	645688	17	0,044988623	0,015483642	2,905558288	0,003665986	0,080229792	No
CDK20	23552	9	0,015326198	0,005276016	2,904880785	0,00367393	0,080333617	No
MRPL51	51258	12	0,035793295	0,012331572	2,902573654	0,003701101	0,080857303	No
	286208		0,041133539	0,014178368	2,901147678	0,003717986	0,081155555	No
ITFG1	81533	16	-0,015365381	0,005298357	-2,900027261	0,003731302	0,081375451	No
SEC61G	23480	7	0,03125777	0,010793348	2,896021661	0,003779263	0,082278459	No
FAT4	79633	4	0,013201112	0,004557995	2,896254121	0,003776465	0,082278459	No
	650369		0,03848728	0,013291035	2,8957323	0,003782749	0,082282994	No
SNRPB2	6629	20	0,02457022	0,008487134	2,894996154	0,003791632	0,082333513	No
RSPO2	340419	8	-0,015996389	0,005525359	-2,895085785	0,003790549	0,082333513	No
SHPK	23729	17	0,03458444	0,011951354	2,893767492	0,003806499	0,082380409	No
RBM38	55544	20	-0,058950273	0,020366038	-2,894538106	0,003797168	0,082380409	No
PRRC2B	84726	9	0,21585753	0,07458312	2,894187452	0,003801411	0,082380409	No
TCEAL8	90843	X	0,020484416	0,00707889	2,893732877	0,003806919	0,082380409	No
ACTL6A	86	3	0,023689678	0,008189725	2,892609762	0,003820557	0,082480806	No
PAFAH1B3	5050	19	0,0458555	0,015857287	2,891761919	0,003830881	0,082480806	No
PAX7	5081	1	0,042332831	0,014639262	2,891732496	0,00383124	0,082480806	No
PPP3R1	5534	2	-0,051227897	0,017716912	-2,891468773	0,003834457	0,082480806	No
RPS2	6187	16	0,037943831	0,01311862	2,89236448	0,003823541	0,082480806	No
FGF16	8823	X	-0,019694212	0,006808571	-2,892561867	0,003821139	0,082480806	No
TMLHE	55217	X	-0,016139501	0,005582301	-2,891191254	0,003837845	0,082480806	No
TPRG1L	127262	1	-0,041067216	0,014204246	-2,891192927	0,003837824	0,082480806	No
SNORD48	26801	6	0,040178694	0,013901599	2,890221039	0,00384971	0,082665038	No
SNRK	54861	3	-0,033708451	0,011667378	-2,889119616	0,003863221	0,082884249	No
TBX1	6899	22	-0,008458943	0,002929153	-2,887846455	0,003878892	0,083149393	No
CLEC12A	160364	12	-0,030926531	0,010716946	-2,885759734	0,003904701	0,083631237	No
ZSCAN18	65982	19	0,049799319	0,017261475	2,884997894	0,003914163	0,083762417	No
	400077		0,036898988	0,012799762	2,882786985	0,003941739	0,084280691	No
SARS2	54938	19	0,039175452	0,013597018	2,881179793	0,003961896	0,084511674	No
ZCCHC9	84240	5	0,030348953	0,010533733	2,881120428	0,003962642	0,084511674	No
03/mar	115123	5	-0,017592287	0,006105792	-2,881245792	0,003961066	0,084511674	No
TYROBP	7305	19	-0,030324007	0,010534734	-2,87847859	0,003995984	0,085150417	No
MRPL14	64928	6	0,038730372	0,013468502	2,875625861	0,004032274	0,085847884	No
LINC00998	401397	7	0,037387778	0,013002776	2,875369048	0,004035555	0,085847884	No
CBFA2T3	863	16	-0,015863246	0,00551796	-2,874838782	0,004042338	0,085866255	No
TOX	9760	8	-0,023904045	0,008315362	-2,874684791	0,00404431	0,085866255	No
TUBB2B	347733	6	-0,020126178	0,007001628	-2,874499763	0,004046681	0,085866255	No
TBC1D10B	26000	16	-0,049329745	0,017165617	-2,873753102	0,004056259	0,085996806	No
C1orf168	199920	1	0,018381308	0,006399161	2,872455941	0,004072949	0,08627777	No
MFN2	9927	1	-0,042383794	0,014759236	-2,87167949	0,004082968	0,086417094	No
NEXN	91624	1	-0,036854333	0,012835478	-2,871286453	0,004088049	0,08645173	No
FBXO32	114907	8	0,014058812	0,00489938	2,869508344	0,004111105	0,086866123	Yes
GATA3	2625	10	0,033949119	0,011833852	2,868813971	0,00412014	0,086970701	No
IL15RA	3601	10	-0,012182272	0,004246772	-2,868595768	0,004122984	0,086970701	No
P2RX4	5025	12	0,035016049	0,012207848	2,868322893	0,004126542	0,086972667	No
DOCK9	23348	13	0,02647524	0,009234609	2,866958372	0,004144375	0,087275257	No
RPL14	9045	3	0,050353522	0,017570375	2,865819385	0,004159315	0,087406559	No
GLTSCR1L	23506	6	-0,031768497	0,011084846	-2,865939355	0,004157739	0,087406559	No
RPL36	25873	19	0,022372161	0,007806911	2,865686841	0,004161056	0,087406559	No
LIX1L	128077	1	0,032825243	0,011455733	2,865398653	0,004164846	0,087413006	No
PLLP	51090	16	0,015337205	0,005354445	2,864387543	0,004178165	0,087619293	No
GBP1	2633	1	-0,055734589	0,019463524	-2,863540533	0,004189352	0,087780565	No
STAU2	27067	8	-0,030443221	0,010633919	-2,862841156	0,00419861	0,087901173	No
LDLRAP1	26119	1	0,04504463	0,015737099	2,862321037	0,004205507	0,087951375	No
C16orf13	84326	16	0,021213526	0,007411791	2,862132058	0,004208015	0,087951375	No
EPHB6	2051	7	0,03675867	0,012848708	2,860884448	0,00422461	0,088224758	No
CD97	976	19	-0,023309679	0,008151592	-2,859524823	0,004242762	0,088530187	No
SIVA1	10572	14	0,027094635	0,009476794	2,859050867	0,004249106	0,088588928	No
TRADD	8717	16	0,0159627	0,005586342	2,857451118	0,004270584	0,088962823	No
NDUFB11	54539	X	0,039136948	0,013706566	2,855343109	0,004299036	0,089481256	No
PECAM1	5175	17	-0,043302855	0,015179855	-2,852652731	0,004335597	0,090038686	No
PSMD6	9861	3	0,025845985	0,009060562	2,852580872	0,004336578	0,090038686	No
LCOR	84458	10	-0,026508725	0,009292654	-2,85265375	0,004335583	0,090038686	No
RPL7	6129	8	0,054862948	0,019235453	2,852178616	0,004342069	0,090078205	No
MT2A	4502	16	-0,075570113	0,026499793	-2,851724704	0,004348274	0,090132433	No
NAP1L5	266812	4	-0,02284825	0,00801542	-2,850536728	0,004364551	0,09039518	No
NAT6	24142	3	0,030958844	0,01086368	2,84975653	0,004375271	0,090467912	No
GABRQ	55879	X	-0,016469318	0,005778817	-2,849946456	0,004372659	0,090467912	No
WBP1L	54838	10	-0,032556533	0,011442022	-2,845347941	0,004436293	0,091654189	No
RXRA	6256	9	-0,038387959	0,013498675	-2,843831568	0,00445746	0,092010262	No
ZSWIM1	90204	20	0,034545015	0,012148387	2,843588688	0,004460859	0,092010262	No
KMT2D	8085	12	0,024076288	0,008467791	2,843278486	0,004465204	0,092024254	No
ETFB	2109	19	0,015208393	0,005350012	2,842683714	0,004473544	0,092120511	No
ADRA1B	147	5	-0,026839981	0,009443099	-2,842285141	0,004479141	0,092148977	No
PLS1	5357	3	0,013549327	0,004773208	2,838620762	0,004530897	0,092148977	No
TSG101	7251	11	-0,025648306	0,009035705	-2,838550679	0,004531892	0,092148977	No
UBE2H	7328	7	-0,035232681	0,012411958	-2,838607794	0,004531081	0,092148977	No
ACOX2	8309	3	0,019993641	0,007038589	2,84057521	0,004503225	0,092148977	No
IVNS1ABP	10625	1	-0,018240688	0,006425343	-2,838865805	0,004527419	0,092148977	No
SDCCAG3	10807	9	0,017467434	0,006150837	2,839846836	0,00451352	0,092148977	No
ANAPC5	51433	12	0,029589232	0,010420521	2,839515613	0,004518208	0,092148977	No
MFSD1	64747	3	-0,044361716	0,015616692	-2,840660326	0,004502024	0,092148977	No
PRKRIP1	79706	7	0,030976943	0,010900798	2,841713265	0,004487183	0,092148977	No
FAM104A	84923	17	-0,073426481	0,025847841	-2,840720151	0,004501179	0,092148977	No
AMICA1	120425	11	0,037970485	0,01337574	2,838757778	0,004528952	0,092148977	No
OARD1	221443	6	0,030394645	0,010698101	2,841125225	0,004495466	0,092148977	No
JAKMIP3	282973	10	0,021634258	0,007621921	2,838426064	0,004533662	0,092148977	No
XAGE1B	653220	X	-0,012868404	0,00453125	-2,839923758	0,004512432	0,092148977	No
RNA28S5	100008589	22	-0,146291814	0,051505482	-2,840315439	0,004506894	0,092148977	No
TES	26136	7	-0,015676628	0,005527584	-2,836072233	0,004567212	0,092755779	No
WNT7A	7476	3	0,022067519	0,007782094	2,835678617	0,004572844	0,092773154	No
SKA1	220134	18	-0,021219683	0,007483588	-2,835496007	0,004575459	0,092773154	No
PPP2R5B	5526	11	-0,038587059	0,013612237	-2,834733147	0,004586398	0,092919902	No
EPHB1	2047	3	0,041888409	0,014786827	2,832819306	0,004613946	0,093401414	No
POLR3B	55703	12	-0,03287721	0,011606866	-2,832565786	0,004617606	0,093401414	No
JAK2	3717	9	-0,042192492	0,014901002	-2,831520456	0,004632727	0,093556487	No
FOXI2	399823	10	-0,021614787	0,007633089	-2,831722158	0,004629806	0,093556487	No
RASAL3	64926	19	-0,04686879	0,016566522	-2,829126649	0,004667522	0,094183398	No
YWHAQ	10971	2	-0,036194434	0,012803874	-2,826834507	0,004701062	0,094783975	No
RNF187	149603	1	-0,041021876	0,014513018	-2,826557121	0,004705135	0,09478997	No
H2AFY2	55506	10	0,033354208	0,011804574	2,825532642	0,004720208	0,094941232	No
CIDECP	152302	3	-0,021541547	0,007623576	-2,825648667	0,004718499	0,094941232	No
PDCD2	5134	6	0,023516077	0,008326133	2,824369756	0,00473737	0,094996151	No
TRRAP	8295	7	0,039167627	0,013866078	2,824708434	0,004732366	0,094996151	No
SNAP23	8773	15	-0,035315461	0,012500826	-2,825050156	0,004727322	0,094996151	No
	641957		0,018967049	0,006715612	2,824321991	0,004738076	0,094996151	No
CASQ1	844	1	-0,020212085	0,007158339	-2,82357203	0,004749175	0,095066825	No
WDR89	112840	14	-0,0122377	0,004333774	-2,823797415	0,004745837	0,095066825	No
	648705		-0,023617784	0,008371965	-2,821056101	0,004786583	0,095739291	No
CLEC5A	23601	7	0,030059519	0,010662228	2,819252989	0,004813556	0,096202142	No
GZMK	3003	5	-0,079763942	0,028301229	-2,818391406	0,004826493	0,09638396	No
RPL32	6161	3	0,013915213	0,004939747	2,816988784	0,004847622	0,096728938	No
TMEM107	84314	17	-0,020204901	0,007174921	-2,8160451	0,004861884	0,096936469	No
VIL1	7429	2	-0,018990542	0,006748954	-2,813849408	0,004895215	0,097446232	No
DNAJC9	23234	10	0,028086463	0,009981199	2,813936797	0,004893885	0,097446232	No
ALKBH3	221120	11	0,029334213	0,010433258	2,811606319	0,00492948	0,098050553	No
JAK1	3716	1	-0,04955432	0,017628252	-2,811073896	0,004937644	0,098135194	No
PLCG1	5335	20	0,026341256	0,009372746	2,810409663	0,004947848	0,098260184	No
RPL10P6	285176	2	0,020248555	0,007214609	2,806604683	0,005006664	0,099349632	No
POTEC	388468	18	0,01104069	0,003936095	2,804985881	0,005031878	0,099771099	No
	652905		-0,015192882	0,005417326	-2,804498361	0,005039494	0,099843242	No
RASSF6	166824	4	0,009595758	0,003422108	2,804049024	0,005046523	0,099903646	No
LYZL6	57151	17	-0,022153829	0,007902619	-2,803352628	0,005057434	0,099961975	No
FAM71E1	112703	19	0,018889102	0,006737712	2,803488946	0,005055297	0,099961975	No
